BIỂU MẪU NHẬP DỮ LIỆU THỦ TỤC HÀNH CHÍNH (ĐỒNG BỘ MÃ QR VÀ CÁC CỘT),,,,,,,,,,,,
"Lưu ý: Không đổi tên các cột ở Hàng 3. Cột ""Nội dung đưa vào mã QR"" có thể điền link URL hoặc nội dung văn bản để quét QR.",,,,,,,,,,,,
STT,Mã TTHC (*),Tên Thủ tục Hành chính (*),Lĩnh vực (*),"Bộ, ngành quản lý (*)",Cấp thực hiện / Thẩm quyền (*),Căn cứ pháp lý / Quyết định,Nội dung đưa vào mã QR (URL / Văn bản),BCCI Tiếp nhận (Có/Không),BCCI Trả kết quả (Có/Không),Bộ phận Một cửa (Có/Không),Dịch vụ công trực tuyến (Toàn trình/Một phần/Không),Dùng chung (Có/Không)
1,1.014352,Thủ tục tuyển chọn chuyên gia,Lao động,Bộ Nội vụ,Cấp xã,,https://dichvucong.gov.vn/thu-tuc-hanh-chinh/019d2bfb-2b1c-77cf-a8b2-ffd3765a24c3,Có,Có,Có,Toàn trình,Có
2,2.001661,"Hỗ trợ học văn hóa, học nghề, trợ cấp khó khăn ban đầu cho nạn nhân","Phòng, chống tệ nạn xã hội",Bộ Y tế,Cấp xã,,https://dichvucong.gov.vn/thu-tuc-hanh-chinh/019d2bff-5454-72fb-ab3d-7430bfdda821,Không,Có,Có,Một phần,Không
3,1.013855,"Cấp giấy chứng nhận cơ sở đủ điều kiện an toàn thực phẩm đối với cơ sở kinh doanh dịch vụ ăn uống, cơ sở sản xuất thực phẩm thuộc phạm vi quản lý của Bộ Y tế",An toàn thực phẩm,Bộ Y tế,Cấp xã,,https://dichvucong.gov.vn/thu-tuc-hanh-chinh/019d2bff-2d33-76fe-bd90-4f37b18e4401,Có,Có,Có,Một phần,Có
4,1.013797,"THỦ TỤC ĐỀ NGHỊ TỔ CHỨC CUỘC LỄ NGOÀI CƠ SỞ TÔN GIÁO, ĐỊA ĐIỂM HỢP PHÁP ĐÃ ĐĂNG KÝ CÓ QUY MÔ TỔ CHỨC Ở MỘT XÃ","Tín ngưỡng, tôn giáo",Bộ Dân tộc và Tôn giáo,Cấp xã,,https://dichvucong.gov.vn/thu-tuc-hanh-chinh/019d2bf8-6244-7287-9a22-2ea431452b97,Có,Có,Có,Toàn trình,Có
5,1.012223,"Đưa ra khỏi danh sách và thay thế, bổ sung người có uy tín",Công tác dân tộc,Bộ Dân tộc và Tôn giáo,Cấp xã,,https://dichvucong.gov.vn/thu-tuc-hanh-chinh/019d2bf8-523b-764d-976a-7739bdce7672,Không,Có,Có,Toàn trình,Có
6,"1,014947",THỦ TỤC QUỸ TỰ GIẢI THỂ (Cấp xã),"Quản lý nhà nước về hội, quỹ",Bộ Nội vụ,Cấp xã,,https://dichvucong.gov.vn/thu-tuc-hanh-chinh/019d90dd-f017-732b-a670-c6d743b193fd,,,,,
7,1.014159,Cung cấp thông tin quy hoạch đô thị và nông thôn,Quy hoạch đô thị và nông thôn,Bộ Xây dựng,Cấp xã,,https://dichvucong.gov.vn/thu-tuc-hanh-chinh/019d2bfe-9852-71ed-96f2-8110da8fd4f0,,,,,
8,"1,004563","Sáp nhập, chia, tách trường tiểu học",Giáo dục tiểu học,Bộ Giáo dục và Đào tạo,Cấp xã,,https://dichvucong.gov.vn/thu-tuc-hanh-chinh/019d2bf8-a0e4-750f-947b-2b7f9827739a,,,,,
9,2.001842,Cho phép trường tiểu học hoạt động giáo dục,Giáo dục tiểu học,Bộ Giáo dục và Đào tạo,Cấp xã,,https://dichvucong.gov.vn/thu-tuc-hanh-chinh/019d2bf8-cfba-774b-96cf-bc2a6fcc9116,,,,,
10,1.014155,"Thẩm định nhiệm vụ quy hoạch, nhiệm vụ điều chỉnh quy hoạch đô thị và nông thôn do nhà đầu tư đã được lựa  chọn để thực hiện dự án đầu tư tổ chức lập",Quy hoạch đô thị và nông thôn,Bộ Xây dựng,Cấp xã,,https://dichvucong.gov.vn/thu-tuc-hanh-chinh/019d2bfe-985b-7039-916e-3d9fd71710d8,,,,,
11,1.001639,"Giải thể trường tiểu học (theo đề nghị của tổ chức, cá nhân đề nghị thành lập trường tiểu học)",Giáo dục tiểu học,Bộ Giáo dục và Đào tạo,Cấp xã,,https://dichvucong.gov.vn/thu-tuc-hanh-chinh/019d2bf8-98e3-713b-b56c-5206304e813a,,,,,
12,1.013226,"Cấp điều chỉnh giấy phép xây dựng đối với công trình cấp III, cấp IV (công trình Không theo tuyến/Theo tuyến trong đô thị/Tín ngưỡng, tôn giáo/Tượng đài, tranh hoành tráng/Theo giai đoạn cho công trình không theo tuyến/Theo giai đoạn cho công trình theo tuyến trong đô thị/Dự án) và nhà ở riêng lẻ",Hoạt động xây dựng,Bộ Xây dựng,Cấp xã,,https://dichvucong.gov.vn/thu-tuc-hanh-chinh/019d2bfe-9097-7135-94e7-f539d8b0cc19,,,,,
13,1.013229,"Cấp giấy phép xây dựng sửa chữa, cải tạo đối với công trình cấp III, cấp IV (công trình Không theo tuyến/Theo tuyến trong đô thị/Tín ngưỡng, tôn giáo/Tượng đài, tranh hoành tráng/Theo giai đoạn cho công trình không theo tuyến/Theo giai đoạn cho công trình theo tuyến trong đô thị/Dự án) và nhà ở riêng lẻ",Hoạt động xây dựng,Bộ Xây dựng,Cấp xã,,https://dichvucong.gov.vn/thu-tuc-hanh-chinh/019d2bfe-909c-759d-9dc9-416500074f0f,,,,,
14,"1,013239",Thẩm định Báo cáo nghiên cứu khả thi đầu tư xây dựng/Báo cáo nghiên cứu khả thi đầu tư xây dựng điều chỉnh,Hoạt động xây dựng,Bộ Xây dựng,Cấp xã,,https://dichvucong.gov.vn/thu-tuc-hanh-chinh/019d2bfe-90c2-742a-9dfb-c6d2bdd9aac8,,,,,
15,1.013274,"Cấp phép sử dụng tạm thời lòng đường, vỉa hè vào mục đích khác",Đường bộ,Bộ Xây dựng,Cấp xã,,https://dichvucong.gov.vn/thu-tuc-hanh-chinh/019d2bfe-90a2-7673-a2f5-9ba3da842499,,,,,
16,"1,013061",Cấp giấy phép thi công công trình trên đường bộ đang khai thác,Đường bộ,Bộ xây dựng (Giao thông vận tải cũ),Cấp xã,,https://dichvucong.gov.vn/thu-tuc-hanh-chinh/019d2bfe-88c8-7734-ad0e-b5e2bc20de96,,,,,
17,2.001921,"Chấp thuận vị trí, quy mô, kích thước, phương án tổ chức thi công biển quảng cáo, biển thông tin cổ động, tuyên truyền chính trị; chấp thuận xây dựng, lắp đặt công trình hạ tầng, công trình hạ tầng kỹ thuật sử dụng chung trong phạm vi bảo vệ kết cấu hạ tầng đường bộ; chấp thuận gia cường công trình đường bộ khi cần thiết để cho phép xe quá khổ giới hạn, xe quá tải trọng, xe bánh xích lưu hành trên đường bộ",Đường bộ,Bộ Xây dựng,Cấp xã,,https://dichvucong.gov.vn/thu-tuc-hanh-chinh/019d2bfe-a02c-754e-9e9e-afd5f23aa699,,,,,
18,1.006468,Thủ tục hải quan đối với hàng hoá kinh doanh tạm nhập-tái xuất,Hải quan,Bộ Tài chính,Cấp xã,,https://dichvucong.gov.vn/thu-tuc-hanh-chinh/019d2bfb-e738-701f-8479-c44536d19210,,,,,
19,"1,014942",THỦ TỤC CẤP GIẤY PHÉP THÀNH LẬP VÀ CÔNG NHẬN ĐIỀU LỆ QUỸ (Cấp xã),"Quản lý nhà nước về hội, quỹ",Bộ Nội vụ,Cấp xã,,https://dichvucong.gov.vn/thu-tuc-hanh-chinh/019d9011-449a-721b-a7b9-8d28d0929df2,,,,,
20,1.004002,Đăng ký lại phương tiện trong trường hợp chuyển quyền sở hữu phương tiện nhưng không thay đổi cơ quan đăng ký phương tiện,Hàng hải và đường thủy nội địa,Bộ xây dựng (Giao thông vận tải cũ),Cấp xã,,https://dichvucong.gov.vn/thu-tuc-hanh-chinh/019d2bfe-3a7b-7789-9f25-1ec7a3f64d81,,,,,
21,"1,013798","THỦ TỤC ĐỀ NGHỊ GIẢNG ĐẠO NGOÀI ĐỊA BÀN PHỤ TRÁCH, CƠ SỞ TÔN GIÁO, ĐỊA ĐIỂM HỢP PHÁP ĐÃ ĐĂNG KÝ CÓ QUY MÔ TỔ CHỨC TRONG MỘT XÃ","Tín ngưỡng, tôn giáo",Bộ Dân tộc và Tôn giáo,Cấp xã,,https://dichvucong.gov.vn/thu-tuc-hanh-chinh/019d2bf8-622d-76c9-8fd7-a6346328fdad,,,,,
22,"1,014945",THỦ TỤC CHO PHÉP QUỸ HOẠT ĐỘNG TRỞ LẠI SAU KHI BỊ ĐÌNH CHỈ CÓ THỜI HẠN HOẠT ĐỘNG (Cấp xã),"Quản lý nhà nước về hội, quỹ",Bộ Nội vụ,Cấp xã,,https://dichvucong.gov.vn/thu-tuc-hanh-chinh/019d902a-3057-71a8-b6fb-f4ad467b5ab7,,,,,
23,1.014944,"THỦ TỤC CÔNG NHẬN ĐIỀU LỆ (SỬA ĐỔI, BỔ SUNG) QUỸ; ĐỔI TÊN QUỸ (Cấp xã)","Quản lý nhà nước về hội, quỹ",Bộ Nội vụ,Cấp xã,,https://dichvucong.gov.vn/thu-tuc-hanh-chinh/019d9048-c72e-740c-8571-c3551cd436a2,,,,,
24,"1,014943","THỦ TỤC CÔNG NHẬN QUỸ ĐỦ ĐIỀU KIỆN HOẠT ĐỘNG VÀ CÔNG NHẬN HỘI ĐỒNG QUẢN LÝ QUỸ; CÔNG NHẬN HỘI ĐỒNG QUẢN LÝ QUỸ KHI THAY ĐỔI, BỔ SUNG THÀNH VIÊN HOẶC HẾT NHIỆM KỲ (Cấp xã)","Quản lý nhà nước về hội, quỹ",Bộ Nội vụ,Cấp xã,,https://dichvucong.gov.vn/thu-tuc-hanh-chinh/019d9098-17f7-74b8-a942-7892a634e0b5,,,,,
25,"1,014158","Phê duyệt quy hoạch, điều chỉnh quy hoạch đô thị và nông thôn do nhà đầu tư đã được lựa  chọn để thực hiện dự án đầu tư tổ chức lập",Quy hoạch đô thị và nông thôn,Bộ xây dựng (Giao thông vận tải cũ),Cấp xã,,https://dichvucong.gov.vn/thu-tuc-hanh-chinh/019d2bfe-9857-74ec-8c26-f832b4fce86b,,,,,
26,1.014946,"THỦ TỤC HỢP NHẤT, SÁP NHẬP, CHIA, TÁCH QUỸ (Cấp xã)","Quản lý nhà nước về hội, quỹ",Bộ Nội vụ,Cấp xã,,https://dichvucong.gov.vn/thu-tuc-hanh-chinh/019d90b6-cf18-72c9-bb65-12e2e42a691a,,,,,
27,"2,001659",Xóa đăng ký phương tiện,Hàng hải và đường thủy nội địa,Bộ xây dựng (Giao thông vận tải cũ),Cấp xã,,https://dichvucong.gov.vn/thu-tuc-hanh-chinh/019d2bfe-a039-75a8-85e4-a19d8132bb5d,,,,,
28,1.012592,THỦ TỤC ĐĂNG KÝ HOẠT ĐỘNG TÍN NGƯỠNG (CẤP XÃ),"Tín ngưỡng, tôn giáo",Bộ Dân tộc và Tôn giáo,Cấp xã,,https://dichvucong.gov.vn/thu-tuc-hanh-chinh/019d2bf8-526e-75a6-bafe-148cf029f697,,,,,
29,1.012582,THỦ TỤC ĐỀ NGHỊ THAY ĐỔI ĐỊA ĐIỂM SINH HOẠT TÔN GIÁO TẬP TRUNG ĐẾN ĐỊA BÀN XÃ KHÁC (CẤP XÃ),"Tín ngưỡng, tôn giáo",Bộ Dân tộc và Tôn giáo,Cấp xã,,,,,,,
30,1.012585,THỦ TỤC ĐĂNG KÝ THAY ĐỔI NGƯỜI ĐẠI DIỆN CỦA NHÓM SINH HOẠT TÔN GIÁO TẬP TRUNG (CẤP XÃ),"Tín ngưỡng, tôn giáo",Bộ Dân tộc và Tôn giáo,Cấp xã,,,,,,,
31,1.003970,Đăng ký lại phương tiện trong trường hợp chuyển quyền sở hữu phương tiện đồng thời thay đổi cơ quan đăng ký phương tiện,Hàng hải và đường thủy nội địa,Bộ xây dựng (Giao thông vận tải cũ),Cấp xã,,,,,,,
32,2.002363,Ghi vào Sổ đăng ký nuôi con nuôi việc nuôi con nuôi đã được giải quyết tại cơ quan có thẩm quyền của nước ngoài,Nuôi con nuôi,Bộ Tư pháp,Cấp xã,,,,,,,
33,1.013227,"Gia hạn giấy phép xây dựng đối với công trình cấp III, cấp IV (công trình Không theo tuyến/Theo tuyến trong đô thị/Tín ngưỡng, tôn giáo/Tượng đài, tranh hoành tráng/Sửa chữa, cải tạo/Theo giai đoạn cho công trình không theo tuyến/Theo giai đoạn cho công trình theo tuyến trong đô thị/Dự án) và nhà ở riêng lẻ",Hoạt động xây dựng,Bộ Xây dựng,Cấp xã,,,,,,,
34,1.014157,"Thẩm định quy hoạch, điều chỉnh quy hoạch đô thị và nông thôn do nhà đầu tư đã được lựa chọn để thực hiện dự án đầu tư tổ chức lập",Quy hoạch đô thị và nông thôn,Bộ Xây dựng,Cấp xã,,,,,,,
35,1.012584,THỦ TỤC ĐỀ NGHỊ THAY ĐỔI ĐỊA ĐIỂM SINH HOẠT TÔN GIÁO TẬP TRUNG TRONG ĐỊA BÀN MỘT XÃ (CẤP XÃ),"Tín ngưỡng, tôn giáo",Bộ Dân tộc và Tôn giáo,Cấp xã,,,,,,,
36,1.004088,Đăng ký phương tiện lần đầu đối với phương tiện chưa khai thác trên đường thủy nội địa,Hàng hải và đường thủy nội địa,Bộ xây dựng (Giao thông vận tải cũ),Cấp xã,,,,,,,
37,1.012837,"Phê duyệt hỗ trợ kinh phí đào tạo, tập huấn để chuyển đổi từ chăn nuôi sang các nghề khác; chi phí cho cá nhân được đào tạo về kỹ thuật phối giống nhân tạo gia súc (trâu, bò); chi phí mua bình chứa Nitơ lỏng bảo quản tinh cho người làm dịch vụ phối giống nhân tạo gia súc (trâu, bò) đối với các chính sách sử dụng vốn sự nghiệp nguồn ngân sách nhà nước",Chăn nuôi,Bộ Nông nghiệp và Môi trường,Cấp xã,,,,,,,
38,2.001711,"Đăng ký lại phương tiện trong trường hợp phương tiện thay đổi tên, tính năng kỹ thuật",Hàng hải và đường thủy nội địa,Bộ xây dựng (Giao thông vận tải cũ),Cấp xã,,,,,,,
39,1.002693,"Cấp giấy phép chặt hạ, dịch chuyển cây xanh",Hạ tầng kỹ thuật,Bộ xây dựng (Giao thông vận tải cũ),Cấp xã,,,,,,,
40,1.012898,Cho thuê nhà ở cũ thuộc tài sản công đối với trường hợp ký lại hợp đồng thuê,Nhà ở và công sở,Bộ Xây dựng,Cấp xã,,,,,,,
41,1.014632,"Đăng ký mua, thuê mua, thuê nhà ở xã hội, vay vốn để hộ gia đình, cá nhân tự xây dựng hoặc cải tạo, sửa chữa nhà ở",Nhà ở và công sở,Bộ Xây dựng,Cấp xã,,,,,,,
42,1.003930,Cấp lại Giấy chứng nhận đăng ký phương tiện,Hàng hải và đường thủy nội địa,Bộ xây dựng (Giao thông vận tải cũ),Cấp xã,,,,,,,
43,1.014862,Cấp giấy phép nuôi trồng thủy sản trong phạm vi bảo vệ công trình thủy lợi do Chủ tịch UBND cấp tỉnh phân cấp cho Chủ tịch UBND cấp xã,Thủy lợi,Bộ Nông nghiệp và Môi trường,Cấp xã,,,,,,,
44,1.014259,Quyết toán tiền cấp quyền khai thác khoáng sản (cấp Xã),Địa chất và khoáng sản,Bộ Nông nghiệp và Môi trường,Cấp xã,,,,,,,
45,1.009791,Cho ý kiến về việc kéo dài thời hạn sử dụng của công trình hết thời hạn sử dụng theo thiết kế nhưng có nhu cầu sử dụng tiếp (trừ trường hợp nhà ở riêng lẻ),Quản lý chất lượng công trình xây dựng,Bộ Xây dựng,Cấp xã,,,,,,,
46,2.000815,"Chứng thực bản sao từ bản chính giấy tờ, văn bản do cơ quan, tổ chức có thẩm quyền của Việt Nam; cơ quan, tổ chức có thẩm quyền của nước ngoài; cơ quan, tổ chức có thẩm quyền của Việt Nam liên kết với cơ quan, tổ chức có thẩm quyền của nước ngoài cấp hoặc chứng nhận",Chứng thực,Bộ Tư pháp,Cấp xã,,,,,,,
47,2.000913,"Chứng thực việc sửa đổi, bổ sung, hủy bỏ giao dịch",Chứng thực,Bộ Tư pháp,Cấp xã,,,,,,,
48,2.000927,Sửa lỗi sai sót trong giao dịch,Chứng thực,Bộ Tư pháp,Cấp xã,,,,,,,
49,1.013796,"THỦ TỤC ĐỀ NGHỊ TỔ CHỨC ĐẠI HỘI CỦA TỔ CHỨC TÔN GIÁO, TỔ CHỨC TÔN GIÁO TRỰC THUỘC, TỔ CHỨC ĐƯỢC CẤP CHỨNG NHẬN ĐĂNG KÝ HOẠT ĐỘNG TÔN GIÁO CÓ ĐỊA BÀN HOẠT ĐỘNG Ở MỘT XÃ","Tín ngưỡng, tôn giáo",Bộ Dân tộc và Tôn giáo,Cấp xã,,,,,,,
50,2.001016,Chứng thực văn bản từ chối nhận di sản,Chứng thực,Bộ Tư pháp,Cấp xã,,,,,,,
51,2.001019,Chứng thực di chúc,Chứng thực,Bộ Tư pháp,Cấp xã,,,,,,,
52,1.010736,Tham vấn trong đánh giá tác động môi trường (cấp xã) (1.010736),Môi trường,Bộ Nông nghiệp và Môi trường,Cấp xã,,,,,,,
53,1.002211,Thủ tục công nhận hòa giải viên (cấp xã),Hòa giải ở cơ sở,Bộ Tư pháp,Cấp xã,,,,,,,
54,1.010092,"Trợ cấp tiền tuất, tai nạn (đối với trường hợp tai nạn suy giảm khả năng lao động từ 5% trở lên) cho lực lượng xung kích phòng chống thiên tai cấp xã chưa tham gia bảo hiểm xã hội","Quản lý đê điều và phòng, chống thiên tai",Bộ Nông nghiệp và Môi trường,Cấp xã,,,,,,,
55,1.014801,"Cấp, cấp lại Giấy xác nhận nuôi trồng thủy sản lồng bè, đối tượng thủy sản nuôi chủ lực (hoạt động trên nội địa thuộc phạm vi quản lý và cơ sở nuôi trồng thủy sản lồng bè thuộc thẩm quyền giao khu vực biển của Chủ tịch Ủy ban nhân dân cấp xã)",Thủy sản,Bộ Nông nghiệp và Môi trường,Cấp xã,,,,,,,
56,2.000950,Thủ tục công nhận tổ trưởng tổ hòa giải (cấp xã),Hòa giải ở cơ sở,Bộ Tư pháp,Cấp xã,,,,,,,
57,1.014832,"Giao rừng, cho thuê rừng khi đã được giao đất, cho thuê đất có rừng hoặc đã được công nhận quyền sử dụng đất có rừng thuộc thẩm quyền của Chủ tịch Ủy ban nhân dân cấp xã",Lâm nghiệp và kiểm lâm,Bộ Nông nghiệp và Môi trường,Cấp xã,,,,,,,
58,2.000930,Thủ tục thôi làm hòa giải viên (cấp xã),Hòa giải ở cơ sở,Bộ Tư pháp,Cấp xã,,,,,,,
59,2.000424,"Thủ tục thực hiện hỗ trợ khi hòa giải viên gặp tai nạn hoặc rủi ro ảnh hưởng đến sức khỏe, tính mạng trong khi thực hiện hoạt động hòa giải",Hòa giải ở cơ sở,Bộ Tư pháp,Cấp xã,,,,,,,
60,1.012893,Bán nhà ở cũ thuộc tài sản công,Nhà ở và công sở,Bộ Xây dựng,Cấp xã,,,,,,,
61,2.001263,Đăng ký việc nuôi con nuôi trong nước,Nuôi con nuôi,Bộ Tư pháp,Cấp xã,,,,,,,
62,1.013702,Công nhận ban vận động thành lập hội,"Quản lý nhà nước về hội, quỹ",Bộ Nội vụ,Cấp xã,,,,,,,
63,1.004478,Công bố mở cảng cá loại III,Thủy sản,Bộ Nông nghiệp và Môi trường,Cấp xã,,,,,,,
64,1.013703,Thành lập hội,"Quản lý nhà nước về hội, quỹ",Bộ Nội vụ,Cấp xã,,,,,,,
65,1.012222,Công nhận người có uy tín,Công tác dân tộc,Bộ Dân tộc và Tôn giáo,Cấp xã,,,,,,,
66,1.013704,"Báo cáo tổ chức đại hội thành lập, đại hội nhiệm kỳ, đại hội bất thường của hội","Quản lý nhà nước về hội, quỹ",Bộ Nội vụ,Cấp xã,,,,,,,
67,1.013706,"Thông báo kết quả đại hội và phê duyệt đổi tên hội, phê duyệt điều lệ hội","Quản lý nhà nước về hội, quỹ",Bộ Nội vụ,Cấp xã,,,,,,,
68,1.003956,Công nhận và giao quyền quản lý cho tổ chức cộng đồng (thuộc địa bàn quản lý),Thủy sản,Bộ Nông nghiệp và Môi trường,Cấp xã,,,,,,,
69,1.013707,"Chia, tách; sáp nhập; hợp nhất hội","Quản lý nhà nước về hội, quỹ",Bộ Nội vụ,Cấp xã,,,,,,,
70,1.013708,Hội tự giải thể,"Quản lý nhà nước về hội, quỹ",Bộ Nội vụ,Cấp xã,,,,,,,
71,1.012892,Cho thuê nhà ở cũ thuộc tài sản công đối với trường hợp chưa có hợp đồng thuê nhà ở,Nhà ở và công sở,Bộ Xây dựng,Cấp xã,,,,,,,
72,1.000080,"Thủ tục đăng ký nhận cha, mẹ, con có yếu tố nước ngoài tại khu vực biên giới",Hộ tịch,Bộ Tư pháp,Cấp xã,,,,,,,
73,1.013709,Cho phép hội hoạt động trở lại sau khi bị đình chỉ có thời hạn,"Quản lý nhà nước về hội, quỹ",Bộ Nội vụ,Cấp xã,,,,,,,
74,1.013710,Hỗ trợ chi phí y tế và thu nhập thực tế bị mất hoặc giảm sút cho người đang trực tiếp tham gia hoạt động chữ thập đỏ bị tai nạn dẫn đến thiệt hại về sức khỏe,"Quản lý nhà nước về hội, quỹ",Bộ Nội vụ,Cấp xã,,,,,,,
75,1.013228,"Cấp lại giấy phép xây dựng đối với công trình cấp III, cấp IV (công trình Không theo tuyến/Theo tuyến trong đô thị/Tín ngưỡng, tôn giáo/Tượng đài, tranh hoành tráng/Sửa chữa, cải tạo/Theo giai đoạn cho công trình không theo tuyến/Theo giai đoạn cho công trình theo tuyến trong đô thị/Dự án) và nhà ở riêng lẻ",Hoạt động xây dựng,Bộ Xây dựng,Cấp xã,,,,,,,
76,2.002516,Thủ tục xác nhận thông tin hộ tịch,Hộ tịch,Bộ Tư pháp,Cấp xã,,,,,,,
77,1.009452,Thỏa thuận thông số kỹ thuật xây dựng bến thủy nội địa,Hàng hải và đường thủy nội địa,Bộ Xây dựng,Cấp xã,,,,,,,
78,1.012888,Công nhận Ban quản trị nhà chung cư,Nhà ở và công sở,Bộ xây dựng (Giao thông vận tải cũ),Cấp xã,,,,,,,
79,1.004884,Thủ tục đăng ký lại khai sinh,Hộ tịch,Bộ Tư pháp,Cấp xã,,,,,,,
80,1.000894,Thủ tục đăng ký kết hôn,Hộ tịch,Bộ Tư pháp,Cấp xã,,,,,,,
81,1.004873,Thủ tục cấp Giấy xác nhận tình trạng hôn nhân,Hộ tịch,Bộ Tư pháp,Cấp xã,,,,,,,
82,1.000314,Chấp thuận vị trí đấu nối tạm vào đường bộ đang khai thác,Đường bộ,Bộ Xây dựng,Cấp xã,,,,,,,
83,1.008004,"Chuyển đổi cơ cấu cây trồng, vật nuôi trên đất trồng lúa",Trồng trọt,Bộ Nông nghiệp và Môi trường,Cấp xã,,,,,,,
84,1.014156,"Phê duyệt nhiệm vụ quy hoạch, nhiệm vụ điều chỉnh quy hoạch đô thị và nông thôn do nhà đầu tư đã được lựa  chọn để thực hiện dự án đầu tư tổ chức lập",Quy hoạch đô thị và nông thôn,Bộ xây dựng (Giao thông vận tải cũ),Cấp xã,,,,,,,
85,1.004047,Đăng ký phương tiện lần đầu đối với phương tiện đang khai thác trên đường thủy nội địa,Hàng hải và đường thủy nội địa,Bộ xây dựng (Giao thông vận tải cũ),Cấp xã,,,,,,,
86,1.012897,Cho thuê nhà ở cũ thuộc tài sản công đối với trường hợp nhận chuyển quyền thuê nhà ở,Nhà ở và công sở,Bộ Xây dựng,Cấp xã,,,,,,,
87,3.000442,"Sửa đổi, bổ sung Quyết định giao khu vực biển cho cá nhân Việt Nam để nuôi trồng thủy sản",Biển và hải đảo,Bộ Nông nghiệp và Môi trường,Cấp xã,,,,,,,
88,1.014284,"Giao đất, cho thuê đất, giao khu vực biển để thực hiện hoạt động lấn biển.",Đất đai,Bộ Nông nghiệp và Môi trường,Cấp xã,,,,,,,
89,3.000502,"Thẩm định, phê duyệt hoặc điều chỉnh phương án nuôi, trồng phát triển, thu hoạch cây dược liệu trong rừng đối với chủ rừng là hộ gia đình, cá nhân, cộng đồng dân cư",Lâm nghiệp và kiểm lâm,Bộ Nông nghiệp và Môi trường,Cấp xã,,,,,,,
90,1.011471,"Phê duyệt Phương án khai thác gỗ, thực vật rừng ngoài gỗ loài thông thường thuộc thẩm quyền giải quyết của Ủy ban nhân dân cấp xã",Lâm nghiệp và kiểm lâm,Bộ Nông nghiệp và Môi trường,Cấp xã,,,,,,,
91,1.013997,Hỗ trợ cơ sở sản xuất bị thiệt hại do dịch bệnh động vật (cơ sở sản xuất không thuộc lực lượng vũ trang nhân dân),Thú y,Bộ Nông nghiệp và Môi trường,Cấp xã,,,,,,,
92,1.013979,Tặng cho quyền sử dụng đất cho Nhà nước hoặc cộng đồng dân cư hoặc mở rộng đường giao thông đối với trường hợp thửa đất chưa được cấp Giấy chứng nhận,Đất đai,Bộ Nông nghiệp và Môi trường,Cấp xã,,,,,,,
93,1.012836,"Hỗ trợ chi phí về vật tư phối giống nhân tạo gia súc gồm tinh đông lạnh, Nitơ lỏng, găng tay và dụng cụ dẫn tinh để phối giống cho trâu, bò cái; chi phí về liều tinh để thực hiện phối giống cho lợn nái, công cho người làm dịch vụ phối giống nhân tạo gia súc (trâu, bò)",Chăn nuôi,Bộ Nông nghiệp và Môi trường,Cấp xã,,,,,,,
94,1.003434,Hỗ trợ dự án liên kết (cấp xã),Kinh tế hợp tác và phát triển nông thôn,Bộ Nông nghiệp và Môi trường,Cấp xã,,,,,,,
95,1.011606,"Công nhận hộ nghèo, hộ cận nghèo; hộ thoát nghèo, hộ thoát cận nghèo định kỳ hằng năm",Giảm nghèo,Bộ Nông nghiệp và Môi trường,Cấp xã,,,,,,,
96,1.004944,Chấm dứt việc chăm sóc thay thế cho trẻ em,Trẻ em,Bộ Y tế,Cấp xã,,,,,,,
97,2.001947,"Phê duyệt kế hoạch hỗ trợ, can thiệp đối với trẻ em bị xâm hại hoặc có nguy cơ bị bạo lực, bóc lột, bỏ rơi và trẻ em có hoàn cảnh đặc biệt",Trẻ em,Bộ Y tế,Cấp xã,,,,,,,
98,1.014028,Hỗ trợ chi phí mai táng đối với đối tượng hưởng trợ cấp hưu trí xã hội,Bảo trợ xã hội,Bộ Y tế,Cấp xã,,,,,,,
99,1.012422,"Đề nghị xét tặng Danh hiệu “Thầy thuốc Nhân dân”, “Thầy thuốc Ưu tú”","Thi đua, khen thưởng",Bộ Y tế,Cấp xã,,,,,,,
100,1.013734,Đăng ký hợp đồng lao động trực tiếp giao kết .,Quản lý lao động ngoài nước,Bộ Nội vụ,Cấp xã,,,,,,,
101,1.009465,Chấp thuận phương án bảo đảm an toàn giao thông,Hàng hải và đường thủy nội địa,Bộ Xây dựng,Cấp xã,,,,,,,
102,1.002372,Xác nhận việc trình kháng nghị hàng hải,Hàng hải và đường thủy nội địa,Bộ xây dựng (Giao thông vận tải cũ),Cấp xã,,,,,,,
103,1.014335,"Đề nghị miễn, giảm học phí trong cơ sở giáo dục nghề nghiệp, cơ sở giáo dục đại học tư thục và cơ sở giáo dục nghề nghiệp, cơ sở giáo dục đại học thuộc tổ chức kinh tế, doanh nghiệp nhà nước",Giáo dục và đào tạo thuộc hệ thống giáo dục quốc dân,Bộ Giáo dục và Đào tạo,Cấp xã,,,,,,,
104,1.014337,"Đề nghị hỗ trợ chi phí học tập trong cơ sở giáo dục mầm non dân lập, tư thục; trường tiểu học tư thục, trường trung học cơ sở tư thục, cơ sở giáo dục thường xuyên tư thục; cơ sở giáo dục mầm non, trường tiểu học, trung học cơ sở trong các trường đại học, cao đẳng, viện nghiên cứu",Giáo dục và đào tạo thuộc hệ thống giáo dục quốc dân,Bộ Giáo dục và Đào tạo,Cấp xã,,,,,,,
105,1.006391,Đăng ký lại phương tiện trong trường hợp chủ phương tiện thay đổi trụ sở hoặc nơi đăng ký hộ khẩu thường trú của chủ phương tiện sang đơn vị hành chính cấp tỉnh khác,Hàng hải và đường thủy nội địa,Bộ xây dựng (Giao thông vận tải cũ),Cấp xã,,,,,,,
106,1.004680,"Xác nhận nguồn gốc loài thủy sản thuộc Phụ lục Công ước quốc tế về buôn bán các loài động vật, thực vật hoang dã nguy cấp và các loài thủy sản nguy cấp, quý, hiếm có nguồn gốc từ nuôi trồng",Thủy sản,Bộ Nông nghiệp và Môi trường,Cấp xã,,,,,,,
107,1.004656,"Xác nhận nguồn gốc loài thủy sản thuộc Phụ lục Công ước quốc tế về buôn bán các loài động vật, thực vật hoang dã nguy cấp; loài thủy sản nguy cấp, quý, hiếm có nguồn gốc khai thác từ tự nhiên",Thủy sản,Bộ Nông nghiệp và Môi trường,Cấp xã,,,,,,,
108,1.004498,"Sửa đổi, bổ sung nội dung quyết định công nhận và giao quyền quản lý cho tổ chức cộng đồng (thuộc địa bàn quản lý)",Thủy sản,Bộ Nông nghiệp và Môi trường,Cấp xã,,,,,,,
109,1.014864,"Cấp gia hạn, điều chỉnh nội dung giấy phép cho các hoạt động trong phạm vi bảo vệ công trình thủy lợi: Trồng cây lâu năm; Hoạt động của phương tiện thủy nội địa, phương tiện cơ giới, trừ xe mô tô, xe gắn máy, phương tiện thủy nội địa thô sơ do Chủ tịch UBND cấp tỉnh phân cấp cho Chủ tịch UBND cấp xã",Thủy lợi,Bộ Nông nghiệp và Môi trường,Cấp xã,,,,,,,
110,1.014863,"Cấp gia hạn, điều chỉnh nội dung giấy phép cho các hoạt động trong phạm vi bảo vệ công trình thủy lợi đối với hoạt động: du lịch, thể thao, nghiên cứu khoa học, kinh doanh, dịch vụ do Chủ tịch UBND cấp tỉnh phân cấp cho Chủ tịch UBND cấp xã",Thủy lợi,Bộ Nông nghiệp và Môi trường,Cấp xã,,,,,,,
111,1.014859,"Cấp giấy phép hoạt động của phương tiện thủy nội địa, phương tiện cơ giới, trừ xe mô tô, xe gắn máy, phương tiện thủy nội địa thô sơ trong phạm vi bảo vệ công trình thủy lợi do Chủ tịch UBND cấp tỉnh phân cấp cho Chủ tịch UBND cấp xã",Thủy lợi,Bộ Nông nghiệp và Môi trường,Cấp xã,,,,,,,
112,1.005040,Xác nhận trình báo đường thủy nội địa hoặc trình báo đường thủy nội địa bổ sung,Hàng hải và đường thủy nội địa,Bộ xây dựng (Giao thông vận tải cũ),Cấp xã,,,,,,,
113,1.014860,Cấp giấy phép cho các hoạt động trồng cây lâu năm trong phạm vi bảo vệ công trình thủy lợi do Chủ tịch UBND cấp tỉnh phân cấp cho Chủ tịch UBND cấp xã,Thủy lợi,Bộ Nông nghiệp và Môi trường,Cấp xã,,,,,,,
114,2.001217,"Đóng, không cho phép hoạt động tại vùng nước khác không thuộc vùng nước trên tuyến đường thủy nội địa, vùng nước cảng biển hoặc khu vực hàng hải, được đánh dấu, xác định vị trí bằng phao hoặc cờ hiệu có màu sắc dễ quan sát",Hàng hải và đường thủy nội địa,Bộ xây dựng (Giao thông vận tải cũ),Cấp xã,,,,,,,
115,2.001215,"Đăng ký phương tiện hoạt động vui chơi, giải trí dưới nước lần đầu",Hàng hải và đường thủy nội địa,Bộ xây dựng (Giao thông vận tải cũ),Cấp xã,,,,,,,
116,2.001218,"Công bố mở, cho phép hoạt động tại vùng nước khác không thuộc vùng nước trên tuyến đường thủy nội địa, vùng nước cảng biển hoặc khu vực hàng hải, được đánh dấu, xác định vị trí bằng phao hoặc cờ hiệu có màu sắc dễ quan sát",Hàng hải và đường thủy nội địa,Bộ xây dựng (Giao thông vận tải cũ),Cấp xã,,,,,,,
117,2.001211,"Xóa đăng ký phương tiện hoạt động vui chơi, giải trí dưới nước",Hàng hải và đường thủy nội địa,Bộ xây dựng (Giao thông vận tải cũ),Cấp xã,,,,,,,
118,2.001212,"Cấp lại Giấy chứng nhận đăng ký phương tiện hoạt động vui chơi, giải trí dưới nước",Hàng hải và đường thủy nội địa,Bộ xây dựng (Giao thông vận tải cũ),Cấp xã,,,,,,,
119,1.014852,Cấp giấy phép nổ mìn và các hoạt động gây nổ khác trong phạm vi bảo vệ công trình thủy lợi do Chủ tịch UBND cấp tỉnh phân cấp cho Chủ tịch UBND cấp xã,Thủy lợi,Bộ Nông nghiệp và Môi trường,Cấp xã,,,,,,,
120,1.009453,"Thỏa thuận thông số kỹ thuật xây dựng bến khách ngang sông, bến thủy nội địa phục vụ thi công công trình chính",Hàng hải và đường thủy nội địa,Bộ Xây dựng,Cấp xã,,,,,,,
121,1.014853,"Cấp gia hạn, điều chỉnh nội dung giấy phép cho các hoạt động trong phạm vi bảo vệ công trình thủy lợi: Nuôi trồng thủy sản; Nổ mìn và các hoạt động gây nổ khác do Chủ tịch UBND cấp tỉnh phân cấp cho Chủ tịch UBND cấp xã",Thủy lợi,Bộ Nông nghiệp và Môi trường,Cấp xã,,,,,,,
122,2.001214,"Đăng ký lại phương tiện hoạt động vui chơi, giải trí dưới nước",Hàng hải và đường thủy nội địa,Bộ xây dựng (Giao thông vận tải cũ),Cấp xã,,,,,,,
123,1.014851,"Cấp gia hạn, điều chỉnh nội dung giấy phép cho các hoạt động trong phạm vi bảo vệ công trình thủy lợi: Xây dựng công trình mới; Lập bến, bãi tập kết nguyên liệu, nhiên liệu, vật liệu, vật tư, phương tiện; Xây dựng công trình ngầm do Chủ tịch UBND cấp tỉnh phân cấp cho Chủ tịch UBND cấp xã",Thủy lợi,Bộ Nông nghiệp và Môi trường,Cấp xã,,,,,,,
124,1.004036,Đăng ký lại phương tiện trong trường hợp chuyển từ cơ quan đăng ký khác sang cơ quan đăng ký phương tiện thủy nội địa,Hàng hải và đường thủy nội địa,Bộ xây dựng (Giao thông vận tải cũ),Cấp xã,,,,,,,
125,1.014850,"Cấp giấy phép cho các hoạt động trong phạm vi bảo vệ công trình thủy lợi đối với hoạt động du lịch, thể thao, nghiên cứu khoa học, kinh doanh, dịch vụ do Chủ tịch UBND cấp tỉnh phân cấp cho Chủ tịch UBND cấp xã",Thủy lợi,Bộ Nông nghiệp và Môi trường,Cấp xã,,,,,,,
126,1.013232,"Cấp giấy phép di dời đối với công trình cấp III, cấp IV (Công trình không theo tuyến/Theo tuyến trong đô thị/Tín ngưỡng, tôn giáo/Tượng đài, tranh hoành tráng/Theo giai đoạn cho công trình không theo tuyến/Theo giai đoạn cho công trình theo tuyến trong đô thị/Dự án) và nhà ở riêng lẻ",Hoạt động xây dựng,Bộ Xây dựng,Cấp xã,,,,,,,
127,1.012975,Cho phép cơ sở giáo dục khác thực hiện chương trình giáo dục phổ thông cấp tiểu học,Các cơ sở giáo dục khác,Bộ Giáo dục và Đào tạo,Cấp xã,,,,,,,
128,1.012971,Thành lập hoặc cho phép thành lập cơ sở giáo dục mầm non độc lập,Giáo dục mầm non,Bộ Giáo dục và Đào tạo,Cấp xã,,,,,,,
129,1.012969,Thành lập hoặc cho phép thành lập trung tâm học tập cộng đồng,Giáo dục thường xuyên,Bộ Giáo dục và Đào tạo,Cấp xã,,,,,,,
130,1.012964,"Thành lập hoặc cho phép thành lập trường trung học cơ sở, trường phổ thông có nhiều cấp học có cấp học cao nhất là trung học cơ sở",Giáo dục trung học,Bộ Giáo dục và Đào tạo,Cấp xã,,,,,,,
131,1.004827,Thủ tục đăng ký khai tử có yếu tố nước ngoài tại khu vực biên giới,Hộ tịch,Bộ Tư pháp,Cấp xã,,,,,,,
132,1.004772,"Thủ tục đăng ký khai sinh cho người đã có hồ sơ, giấy tờ cá nhân",Hộ tịch,Bộ Tư pháp,Cấp xã,,,,,,,
133,1.012963,Thành lập hoặc cho phép thành lập trường tiểu học,Giáo dục tiểu học,Bộ Giáo dục và Đào tạo,Cấp xã,,,,,,,
134,2.002080,Thủ tục thanh toán thù lao cho hòa giải viên,Hòa giải ở cơ sở,Bộ Tư pháp,Cấp xã,,,,,,,
135,1.004746,Thủ tục đăng ký lại kết hôn,Hộ tịch,Bộ Tư pháp,Cấp xã,,,,,,,
136,1.008725,"Chuyển đổi trường tiểu học tư thục, trường trung học cơ sở tư thục và trường phổ thông tư thục có nhiều cấp học có cấp học cao nhất là trung học cơ sở do nhà đầu tư trong nước đầu tư sang trường phổ thông tư thục hoạt động không vì lợi nhuận",Giáo dục và đào tạo thuộc hệ thống giáo dục quốc dân,Bộ Giáo dục và Đào tạo,Cấp xã,,,,,,,
137,1.012974,"Giải thể cơ sở giáo dục mầm non độc lập (theo đề nghị của tổ chức, cá nhân thành lập trường)",Giáo dục mầm non,Bộ Giáo dục và Đào tạo,Cấp xã,,,,,,,
138,1.012968,"Giải thể trường trung học cơ sở, trường phổ thông có nhiều cấp học có cấp học cao nhất là trung học cơ sở (Theo đề nghị của tổ chức, cá nhân thành lập trường)",Giáo dục trung học,Bộ Giáo dục và Đào tạo,Cấp xã,,,,,,,
139,1.012967,"Sáp nhập, chia, tách trường trung học cơ sở, trường phổ thông có nhiều cấp học có cấp học cao nhất là trung học cơ sở",Giáo dục trung học,Bộ Giáo dục và Đào tạo,Cấp xã,,,,,,,
140,1.001766,Thủ tục đăng ký khai tử có yếu tố nước ngoài,Hộ tịch,Bộ Tư pháp,Cấp xã,,,,,,,
141,2.000779,"Thủ tục đăng ký nhận cha, mẹ, con có yếu tố nước ngoài",Hộ tịch,Bộ Tư pháp,Cấp xã,,,,,,,
142,1.001695,"Thủ tục đăng ký khai sinh kết hợp đăng ký nhận cha, mẹ, con có yếu tố nước ngoài",Hộ tịch,Bộ Tư pháp,Cấp xã,,,,,,,
143,1.001669,Thủ tục đăng ký giám hộ có yếu tố nước ngoài,Hộ tịch,Bộ Tư pháp,Cấp xã,,,,,,,
144,2.000756,Thủ tục đăng ký chấm dứt giám hộ có yếu tố nước ngoài,Hộ tịch,Bộ Tư pháp,Cấp xã,,,,,,,
145,2.000748,"Thủ tục thay đổi, cải chính, bổ sung thông tin hộ tịch, xác định lại dân tộc có yếu tố nước ngoài",Hộ tịch,Bộ Tư pháp,Cấp xã,,,,,,,
146,2.000554,"Thủ tục ghi vào Sổ hộ tịch việc ly hôn, hủy việc kết hôn của công dân Việt Nam đã được giải quyết tại cơ quan có thẩm quyền của nước ngoài",Hộ tịch,Bộ Tư pháp,Cấp xã,,,,,,,
147,2.000547,"Thủ tục ghi vào Sổ hộ tịch việc hộ tịch khác của công dân Việt Nam đã được giải quyết tại cơ quan có thẩm quyền của nước ngoài (khai sinh; giám hộ; nhận cha, mẹ, con; xác định cha, mẹ, con; nuôi con nuôi; khai tử; thay đổi hộ tịch)",Hộ tịch,Bộ Tư pháp,Cấp xã,,,,,,,
148,1.012973,"Sáp nhập, chia, tách cơ sở giáo dục mầm non độc lập",Giáo dục mầm non,Bộ Giáo dục và Đào tạo,Cấp xã,,,,,,,
149,1.012965,"Cho phép trường trung học cơ sở, trường phổ thông có nhiều cấp học có cấp học cao nhất là trung học cơ sở hoạt động giáo dục",Giáo dục trung học,Bộ Giáo dục và Đào tạo,Cấp xã,,,,,,,
150,2.000528,Thủ tục đăng ký khai sinh có yếu tố nước ngoài,Hộ tịch,Bộ Tư pháp,Cấp xã,,,,,,,
151,2.000522,Thủ tục đăng ký lại khai sinh có yếu tố nước ngoài,Hộ tịch,Bộ Tư pháp,Cấp xã,,,,,,,
152,2.000513,Thủ tục đăng ký lại kết hôn có yếu tố nước ngoài,Hộ tịch,Bộ Tư pháp,Cấp xã,,,,,,,
153,2.000497,Thủ tục đăng ký lại khai tử có yếu tố nước ngoài,Hộ tịch,Bộ Tư pháp,Cấp xã,,,,,,,
154,1.000689,"Thủ tục đăng ký khai sinh kết hợp đăng ký nhận cha, mẹ, con",Hộ tịch,Bộ Tư pháp,Cấp xã,,,,,,,
155,1.000593,Thủ tục đăng ký kết hôn lưu động,Hộ tịch,Bộ Tư pháp,Cấp xã,,,,,,,
156,1.000419,Thủ tục đăng ký khai tử lưu động,Hộ tịch,Bộ Tư pháp,Cấp xã,,,,,,,
157,1.000110,Thủ tục đăng ký khai sinh có yếu tố nước ngoài tại khu vực biên giới,Hộ tịch,Bộ Tư pháp,Cấp xã,,,,,,,
158,1.000094,Thủ tục đăng ký kết hôn có yếu tố nước ngoài tại khu vực biên giới,Hộ tịch,Bộ Tư pháp,Cấp xã,,,,,,,
159,1.014359,"Giải quyết chế độ mai táng phí đối với dân công hỏa tuyến tham gia kháng chiến chống Pháp, chống Mỹ, chiến tranh bảo vệ Tổ quốc và làm nhiệm vụ quốc tế",Người có công,Bộ Nội vụ,Cấp xã,,,,,,,
160,1.004964,"Giải quyết chế độ trợ cấp một lần đối với người được cử làm chuyên gia sang giúp Lào, Căm-pu-chi-a",Người có công,Bộ Nội vụ,Cấp xã,,,,,,,
161,2.002349,Cấp giấy xác nhận công dân Việt Nam thường trú ở khu vực biên giới đủ điều kiện nhận trẻ em của nước láng giềng cư trú ở khu vực biên giới làm con nuôi,Nuôi con nuôi,Bộ Tư pháp,Cấp xã,,,,,,,
162,3.000308,"Giải thể trung tâm học tập cộng đồng (theo đề nghị của tổ chức, cá nhân thành lập trung tâm)",Giáo dục thường xuyên,Bộ Giáo dục và Đào tạo,Cấp xã,,,,,,,
163,3.000307,"Sáp nhập, chia, tách trung tâm học tập cộng đồng",Giáo dục thường xuyên,Bộ Giáo dục và Đào tạo,Cấp xã,,,,,,,
164,2.001035,"Chứng thực giao dịch liên quan đến tài sản là động sản, quyền sử dụng đất, nhà ở",Chứng thực,Bộ Tư pháp,Cấp xã,,,,,,,
165,2.001406,"Chứng thực văn bản phân chia di sản mà di sản là động sản, quyền sử dụng đất, nhà ở",Chứng thực,Bộ Tư pháp,Cấp xã,,,,,,,
166,3.000315,Thành lập hoặc cho phép thành lập trung tâm khác thực hiện nhiệm vụ giáo dục thường xuyên,Giáo dục thường xuyên,Bộ Giáo dục và Đào tạo,Cấp xã,,,,,,,
167,3.000182,Tuyển sinh trung học cơ sở,Giáo dục trung học,Bộ Giáo dục và Đào tạo,Cấp xã,,,,,,,
168,1.005461,Đăng ký lại khai tử - cấp tinh,Hộ tịch,Bộ Tư pháp,Cấp xã,,,,,,,
169,1.004837,Thủ tục đăng ký giám hộ,Hộ tịch,Bộ Tư pháp,Cấp xã,,,,,,,
170,1.000656,Thủ tục đăng ký khai tử,Hộ tịch,Bộ Tư pháp,Cấp xã,,,,,,,
171,1.004859,"Thủ tục thay đổi, cải chính, bổ sung thông tin hộ tịch, xác định lại dân tộc",Hộ tịch,Bộ Tư pháp,Cấp xã,,,,,,,
172,2.002284,"Cấp chính sách nội trú cho học sinh, sinh viên tham gia chương trình đào tạo trình độ cao đẳng, trung cấp tại các cơ sở giáo dục nghề nghiệp công lập trực thuộc xã",Giáo dục nghề nghiệp (g07-lđ06),Bộ Giáo dục và Đào tạo,Cấp xã,,,,,,,
173,2.002165,Giải quyết yêu cầu bồi thường tại cơ quan trực tiếp quản lý người thi hành công vụ gây thiệt hại (cấp xã),Bồi thường nhà nước,Bộ Tư pháp,Cấp xã,,,,,,,
174,1.001714,"Cấp học bổng và hỗ trợ kinh phí mua phương tiện, đồ dùng học tập dùng riêng cho người khuyết tật học tại các cơ sở giáo dục",Giáo dục và đào tạo thuộc hệ thống giáo dục quốc dân,Bộ Giáo dục và Đào tạo,Cấp xã,,,,,,,
175,1.001022,"Thủ tục đăng ký nhận cha, mẹ, con",Hộ tịch,Bộ Tư pháp,Cấp xã,,,,,,,
176,1.008950,"Trợ cấp đối với trẻ em mầm non là con công nhân, người lao động làm việc tại khu công nghiệp",Giáo dục và đào tạo thuộc hệ thống giáo dục quốc dân,Bộ Giáo dục và Đào tạo,Cấp xã,,,,,,,
177,1.003702,"Hỗ trợ học tập đối với trẻ mẫu giáo, học sinh tiểu học, học sinh trung học cơ sở, sinh viên các dân tộc thiểu số rất ít người",Giáo dục và đào tạo thuộc hệ thống giáo dục quốc dân,Bộ Giáo dục và Đào tạo,Cấp xã,,,,,,,
178,1.014336,"Đề nghị hỗ trợ chi phí học tập trong cơ sở giáo dục mầm non công lập, cơ sở giáo dục phổ thông công lập, cơ sở giáo dục công lập thực hiện chương trình giáo dục phổ thông",Giáo dục và đào tạo thuộc hệ thống giáo dục quốc dân,Bộ Giáo dục và Đào tạo,Cấp xã,,,,,,,
179,2.001960,"Cấp chính sách nội trú cho học sinh, sinh viên tham gia chương trình đào tạo trình độ cao đẳng, trung cấp tại các cơ sở giáo dục nghề nghiệp tư thục hoặc cơ sở giáo dục có vốn đầu tư nước ngoài",Giáo dục nghề nghiệp (g07-lđ06),Bộ Giáo dục và Đào tạo,Cấp xã,,,,,,,
180,1.008951,"Hỗ trợ đối với giáo viên mầm non làm việc tại cơ sở giáo dục mầm non dân lập, tư thục ở địa bàn có khu công nghiệp",Giáo dục và đào tạo thuộc hệ thống giáo dục quốc dân,Bộ Giáo dục và Đào tạo,Cấp xã,,,,,,,
181,1.005090,Xét tuyển sinh vào trường phổ thông dân tộc nội trú,"Thi, tuyển sinh",Bộ Giáo dục và Đào tạo,Cấp xã,,,,,,,
182,2.001008,"Chứng thực chữ ký người dịch mà người dịch không phải là cộng tác viên dịch thuật của Ủy ban nhân dân cấp xã, tổ chức hành nghề công chứng",Chứng thực,Bộ Tư pháp,Cấp xã,,,,,,,
183,2.002771,"Xét duyệt trẻ em nhà trẻ bán trú hỗ trợ kinh phí, hỗ trợ gạo",Giáo dục và đào tạo thuộc hệ thống giáo dục quốc dân,Bộ Giáo dục và Đào tạo,Cấp xã,,,,,,,
184,1.012922,Kiểm tra hiện trường rừng trồng bị thiệt hại,Lâm nghiệp và kiểm lâm,Bộ Nông nghiệp và Môi trường,Cấp xã,,,,,,,
185,1.012531,"Hỗ trợ tín dụng đầu tư trồng rừng gỗ lớn đối với chủ rừng là hộ gia đình, cá nhân",Lâm nghiệp và kiểm lâm,Bộ Nông nghiệp và Môi trường,Cấp xã,,,,,,,
186,1.007919,"Thẩm định thiết kế, dự toán công trình lâm sinh hoặc thẩm định điều chỉnh thiết kế, dự toán công trình lâm sinh sử dụng vốn đầu tư công đối với công trình lâm sinh thuộc dự án do Chủ tịch Ủy ban nhân dân cấp xã quyết định đầu tư",Lâm nghiệp và kiểm lâm,Bộ Nông nghiệp và Môi trường,Cấp xã,,,,,,,
187,1.012694,Chuyển mục đích sử dụng rừng sang mục đích khác đối với cá nhân,Kiểm lâm,Bộ Nông nghiệp và Môi trường,Cấp xã,,,,,,,
188,1.011518,"Trả lại giấy phép thăm dò nước dưới đất, giấy phép khai thác tài nguyên nước .",Tài nguyên nước,Bộ Nông nghiệp và Môi trường,Cấp xã,,,,,,,
189,2.002189,Thủ tục ghi vào Sổ hộ tịch việc kết hôn của công dân Việt Nam đã được giải quyết tại cơ quan có thẩm quyền của nước ngoài,Hộ tịch,Bộ Tư pháp,Cấp xã,,,,,,,
190,1.003583,Thủ tục đăng ký khai sinh lưu động,Hộ tịch,Bộ Tư pháp,Cấp xã,,,,,,,
191,2.000806,Thủ tục đăng ký kết hôn có yếu tố nước ngoài,Hộ tịch,Bộ Tư pháp,Cấp xã,,,,,,,
192,1.001662,Đăng ký khai thác nước dưới đất,Tài nguyên nước,Bộ Nông nghiệp và Môi trường,Cấp xã,,,,,,,
193,1.012766,"Xóa đăng ký thuê, cho thuê lại quyền sử dụng đất trong dự án xây dựng kinh doanh kết cấu hạ tầng",Đất đai,Bộ Nông nghiệp và Môi trường,Cấp xã,,,,,,,
194,1.012568,Giao tài sản kết cấu hạ tầng chợ do cấp xã quản lý,"Tài sản kết cấu hạ tầng chợ do nhà nước đầu tư, quản lý",Bộ Công thương,Cấp xã,,,,,,,
195,1.012569,Thu hồi tài sản kết cấu hạ tầng chợ,"Tài sản kết cấu hạ tầng chợ do nhà nước đầu tư, quản lý",Bộ Công thương,Cấp xã,,,,,,,
196,2.000206,"Thẩm định, phê duyệt phương án ứng phó thiên tai cho công trình vùng hạ du đập thủy điện thuộc thẩm quyền phê duyệt của Ủy ban nhân dân Cấp xã","An toàn đập, hồ chứa thuỷ điện",Bộ Công thương,Cấp xã,,,,,,,
197,1.013750,Thăm viếng mộ liệt sĩ.,Người có công,Bộ Nội vụ,Cấp xã,,,,,,,
198,1.010830,Di chuyển hài cốt liệt sĩ đang an táng ngoài nghĩa trang liệt sĩ về an táng tại nghĩa trang liệt sĩ theo nguyện vọng của đại diện thân nhân hoặc người hưởng trợ cấp thờ cúng liệt sĩ,Người có công,Bộ Nội vụ,Cấp xã,,,,,,,
199,2.002620,Thông báo về việc thực hiện hoạt động bán hàng không tại địa điểm giao dịch thường xuyên,Bảo vệ quyền lợi người tiêu dùng,Bộ Công thương,Cấp xã,,,,,,,
200,1.014848,Phê duyệt phương án bảo vệ công trình thủy lợi do Chủ tịch Ủy ban nhân dân cấp tỉnh phân cấp cho Chủ tịch UBND cấp xã,Thủy lợi,Bộ Nông nghiệp và Môi trường,Cấp xã,,,,,,,
201,1.014275,"Tổ chức kinh tế nhận chuyển nhượng, thuê quyền sử dụng đất, nhận góp vốn bằng quyền sử dụng đất để thực hiện dự án đầu tư.",Đất đai,Bộ Nông nghiệp và Môi trường,Cấp xã,,,,,,,
202,1.014258,Xác nhận đăng ký thu hồi khoáng sản (cấp Xã),Địa chất và khoáng sản,Bộ Nông nghiệp và Môi trường,Cấp xã,,,,,,,
203,1.013978,"Đăng ký đất đai, tài sản gắn liền với đất, cấp Giấy chứng nhận quyền sử dụng đất, quyền sở hữu tài sản gắn liền với đất lần đầu đối với hộ gia đình, cá nhân, cộng đồng dân cư, người gốc Việt Nam định cư ở nước ngoài",Đất đai,Bộ Nông nghiệp và Môi trường,Cấp xã,,,,,,,
204,1.013962,"Giao đất ở có thu tiền sử dụng đất không thông qua đấu giá, không đấu thầu lựa chọn nhà đầu tư thực hiện dự án có sử dụng đất đối với cá nhân là cán bộ, công chức, viên chức, sĩ quan tại ngũ, quân nhân chuyên nghiệp, công chức quốc phòng, công nhân và viên chức quốc phòng, sĩ quan, hạ sĩ quan, công nhân công an, người làm công tác cơ yếu và người làm công tác khác trong tổ chức cơ yếu hưởng lương từ ngân sách nhà nước mà chưa được giao đất ở, nhà ở; giáo viên, nhân viên y tế đang công tác tại các xã biên giới, hải đảo thuộc vùng có điều kiện kinh tế - xã hội khó khăn, vùng có điều kiện kinh tế - xã hội đặc biệt khó khăn nhưng chưa có đất ở, nhà ở tại nơi công tác hoặc chưa được hưởng chính sách hỗ trợ về nhà ở theo quy định của pháp luật về nhà ở; cá nhân thường trú tại xã mà không có đất ở và chưa được Nhà nước giao đất ở hoặc chưa được hưởng chính sách hỗ trợ về nhà ở theo quy định của pháp luật về nhà ở",Đất đai,Bộ Nông nghiệp và Môi trường,Cấp xã,,,,,,,
205,1.013950,"Chuyển hình thức giao đất, cho thuê đất.",Đất đai,Bộ Nông nghiệp và Môi trường,Cấp xã,,,,,,,
206,1.013949,"Giao đất, cho thuê đất, chuyển mục đích sử dụng đất đối với trường hợp giao đất, cho thuê đất không đấu giá quyền sử dụng đất, không đấu thầu lựa chọn nhà đầu tư thực hiện dự án có sử dụng đất; trường hợp giao đất, cho thuê đất thông qua đấu thầu lựa chọn nhà đầu tư thực hiện dự án có sử dụng đất; giao đất và giao rừng; cho thuê đất và cho thuê rừng, gia hạn sử dụng đất khi hết thời hạn sử dụng đất",Đất đai,Bộ Nông nghiệp và Môi trường,Cấp xã,,,,,,,
207,1.013953,"Điều chỉnh quyết định giao đất, cho thuê đất, cho phép chuyển mục đích sử dụng đất do sai sót về ranh giới, vị trí, diện tích, mục đích sử dụng giữa bản đồ quy hoạch, bản đồ địa chính, quyết định giao đất, cho thuê đất, cho phép chuyển mục đích sử dụng đất và số liệu bàn giao đất trên thực địa",Đất đai,Bộ Nông nghiệp và Môi trường,Cấp xã,,,,,,,
208,1.013952,"Điều chỉnh quyết định giao đất, cho thuê đất, cho phép chuyển mục đích sử dụng đất do thay đổi căn cứ quyết định giao đất, cho thuê đất, cho phép chuyển mục đích sử dụng đất; điều chỉnh thời hạn sử dụng đất của dự án đầu tư.",Đất đai,Bộ Nông nghiệp và Môi trường,Cấp xã,,,,,,,
209,3.000439,Giao khu vực biển cho cá nhân Việt Nam để nuôi trồng thủy sản,Biển và hải đảo,Bộ Nông nghiệp và Môi trường,Cấp xã,,,,,,,
210,3.000443,Công nhận khu vực biển cho cá nhân Việt Nam để nuôi trồng thủy sản,Biển và hải đảo,Bộ Nông nghiệp và Môi trường,Cấp xã,,,,,,,
211,3.000441,Trả lại khu vực biển cho cá nhân Việt Nam để nuôi trồng thủy sản,Biển và hải đảo,Bộ Nông nghiệp và Môi trường,Cấp xã,,,,,,,
212,1.012818,"Thu hồi Giấy chứng nhận đã cấp lần đầu không đúng quy định của pháp luật đất đai do người sử dụng đất, chủ sở hữu tài sản gắn liền với đất phát hiện và cấp lại Giấy chứng nhận sau khi thu hồi",Đất đai,Bộ Nông nghiệp và Môi trường,Cấp xã,,,,,,,
213,1.012817,"Xác định lại diện tích đất ở của hộ gia đình, cá nhân đã được cấp Giấy chứng nhận trước ngày 01 tháng 7 năm 2004",Đất đai,Bộ Nông nghiệp và Môi trường,Cấp xã,,,,,,,
214,1.012812,Hòa giải tranh chấp đất đai,Đất đai,Bộ Nông nghiệp và Môi trường,Cấp xã,,,,,,,
215,1.012796,Đính chính Giấy chứng nhận đã cấp lần đầu có sai sót,Đất đai,Bộ Nông nghiệp và Môi trường,Cấp xã,,,,,,,
216,1.012753,"Đăng ký đất đai, tài sản gắn liền với đất, cấp Giấy chứng nhận quyền sử dụng đất, quyền sở hữu tài sản gắn liền với đất lần đầu đối với tổ chức đang sử dụng đất",Đất đai,Bộ Nông nghiệp và Môi trường,Cấp xã,,,,,,,
217,1.011609,"Công nhận hộ làm nông nghiệp, lâm nghiệp, ngư nghiệp và diêm nghiệp có mức sống trung bình",Giảm nghèo,Bộ Nông nghiệp và Môi trường,Cấp xã,,,,,,,
218,1.011607,"Công nhận hộ nghèo, hộ cận nghèo thường xuyên hằng năm",Giảm nghèo,Bộ Nông nghiệp và Môi trường,Cấp xã,,,,,,,
219,1.011608,"Công nhận hộ thoát nghèo, hộ thoát cận nghèo thường xuyên hằng năm",Giảm nghèo,Bộ Nông nghiệp và Môi trường,Cấp xã,,,,,,,
220,1.010091,"Hỗ trợ khám chữa bệnh, trợ cấp tai nạn cho lực lượng xung kích phòng chống thiên tai cấp xã trong trường hợp chưa tham gia bảo hiểm y tế, bảo hiểm xã hội","Quản lý đê điều và phòng, chống thiên tai",Bộ Nông nghiệp và Môi trường,Cấp xã,,,,,,,
221,2.001627,Thẩm định quy trình vận hành đối với công trình thủy lợi lớn và công trình thủy lợi vừa do Chủ tịch UBND cấp tỉnh phân cấp cho Chủ tịch UBND cấp xã phê duyệt,Thủy lợi,Bộ Nông nghiệp và Môi trường,Cấp xã,,,,,,,
222,2.001621,"Hỗ trợ đầu tư xây dựng phát triển thủy lợi nhỏ, thuỷ lợi nội đồng và tưới tiên tiến, tiết kiệm nước (Đối với nguồn vốn hỗ trợ trực tiếp, ngân sách địa phương và nguồn vốn hợp pháp khác của địa phương phân bổ dự toán cho UBND cấp xã thực hiện)",Thủy lợi,Bộ Nông nghiệp và Môi trường,Cấp xã,,,,,,,
223,1.003471,"Phê duyệt đề cương, kết quả kiểm định an toàn đập, hồ chứa thủy lợi thuộc thẩm quyền của Chủ tịch UBND cấp xã",Thủy lợi,Bộ Nông nghiệp và Môi trường,Cấp xã,,,,,,,
224,1.003446,"Thẩm định, phê duyệt phương án ứng phó thiên tai cho công trình, vùng hạ du đập trong quá trình thi công thuộc thẩm quyền của UBND cấp xã",Thủy lợi,Bộ Nông nghiệp và Môi trường,Cấp xã,,,,,,,
225,1.003440,"Thẩm định, phê duyệt phương án ứng phó với tình huống khẩn cấp thuộc thẩm quyền của UBND cấp xã",Thủy lợi,Bộ Nông nghiệp và Môi trường,Cấp xã,,,,,,,
226,1.003347,"Phê duyệt, công bố công khai quy trình vận hành hồ chứa thủy lợi thuộc thẩm quyền của Chủ tịch UBND cấp xã",Thủy lợi,Bộ Nông nghiệp và Môi trường,Cấp xã,,,,,,,
227,2.001827,"Cấp Giấy chứng nhận cơ sở đủ điều kiện an toàn thực phẩm đối với cơ sở sản xuất, kinh doanh thực phẩm nông, lâm, thủy sản",Quản lý chất lượng nông lâm sản và thủy sản,Bộ Nông nghiệp và Môi trường,Cấp xã,,,,,,,
228,3.000412,Công nhận người lao động có thu nhập thấp,Giảm nghèo,Bộ Nông nghiệp và Môi trường,Cấp xã,,,,,,,
229,1.010833,Cấp giấy xác nhận thân nhân của người có công,Người có công,Bộ Nội vụ,Cấp xã,,,,,,,
230,1.010829,Di chuyển hài cốt liệt sĩ đang an táng tại nghĩa trang liệt sĩ đi nơi khác theo nguyện vọng của đại diện thân nhân hoặc người hưởng trợ cấp thờ cúng liệt sĩ,Người có công,Bộ Nội vụ,Cấp xã,,,,,,,
231,1.010825,Bổ sung tình hình thân nhân trong hồ sơ liệt sĩ.,Người có công,Bộ Nội vụ,Cấp xã,,,,,,,
232,1.010824,Hưởng trợ cấp khi người có công đang hưởng trợ cấp ưu đãi từ trần,Người có công,Bộ Nội vụ,Cấp xã,,,,,,,
233,1.010821,Giải quyết chế độ hỗ trợ để theo học đến trình độ đại học tại các cơ sở giáo dục thuộc hệ thống giáo dục quốc dân,Người có công,Bộ Nội vụ,Cấp xã,,,,,,,
234,1.010817,Công nhận và giải quyết chế độ con đẻ của người hoạt động kháng chiến bị nhiễm chất độc hóa học,Người có công,Bộ Nội vụ,Cấp xã,,,,,,,
235,1.010816,Công nhận và giải quyết chế độ ưu đãi người hoạt động kháng chiến bị nhiễm chất độc hóa học,Người có công,Bộ Nội vụ,Cấp xã,,,,,,,
236,1.010814,Cấp bổ sung hoặc cấp lại giấy chứng nhận người có công do ngành Lao động - Thương binh và Xã hội quản lý và giấy chứng nhận thân nhân liệt sĩ,Người có công,Bộ Nội vụ,Cấp xã,,,,,,,
237,1.010803,Giải quyết chế độ trợ cấp thờ cúng liệt sĩ.,Người có công,Bộ Nội vụ,Cấp xã,,,,,,,
238,1.010801,Giải quyết chế độ trợ cấp ưu đãi đối với thân nhân liệt sĩ,Người có công,Bộ Nội vụ,Cấp xã,,,,,,,
239,1.010820,Giải quyết chế độ người có công giúp đỡ cách mạng.,Người có công,Bộ Nội vụ,Cấp xã,,,,,,,
240,1.010819,"Giải quyết chế độ người hoạt động kháng chiến giải phóng dân tộc, bảo vệ tổ quốc và làm nghĩa vụ quốc tế",Người có công,Bộ Nội vụ,Cấp xã,,,,,,,
241,1.010818,"Công nhận và giải quyết chế độ người hoạt động cách mạng, kháng chiến, bảo vệ tổ quốc, làm nghĩa vụ quốc tế bị địch bắt tù, đày",Người có công,Bộ Nội vụ,Cấp xã,,,,,,,
242,1.010811,"Cấp tiền mua phương tiện trợ giúp, dụng cụ chỉnh hình, phương tiện, thiết bị phục hồi chức năng đối với trường hợp đang sống tại gia đình hoặc đang được nuôi dưỡng tập trung tại các cơ sở nuôi dưỡng, điều dưỡng do địa phương quản lý",Người có công,Bộ Nội vụ,Cấp xã,,,,,,,
243,1.010804,"Giải quyết chế độ ưu đãi đối với trường hợp tặng hoặc truy tặng danh hiệu vinh dự nhà nước “Bà mẹ Việt Nam anh hùng""",Người có công,Bộ Nội vụ,Cấp xã,,,,,,,
244,1.010802,Giải quyết chế độ ưu đãi đối với vợ hoặc chồng liệt sĩ lấy chồng hoặc vợ khác,Người có công,Bộ Nội vụ,Cấp xã,,,,,,,
245,2.002308,Giải quyết chế độ mai táng phí đối với thanh niên xung phong thời kỳ chống Pháp,Người có công,Bộ Nội vụ,Cấp xã,,,,,,,
246,2.001157,Trợ cấp một lần đối với thanh niên xung phong đã hoàn thành nhiệm vụ trong kháng chiến,Người có công,Bộ Nội vụ,Cấp xã,,,,,,,
247,1.001257,"Giải quyết trợ cấp một lần đối với người có thành tích tham gia kháng chiến đã được tặng Bằng khen của Thủ tướng Chính phủ, Bằng khen của Chủ tịch Hội đồng Bộ trưởng hoặc Bằng khen của Bộ trưởng, Thủ trưởng cơ quan ngang bộ, Thủ trưởng cơ quan thuộc Chính phủ, Bằng khen của Chủ tịch Ủy ban nhân dân …",Người có công,Bộ Nội vụ,Cấp xã,,,,,,,
248,1.013749,"Giải quyết chế độ đối với quân nhân, cán bộ đi chiến trường B,C,K trong thời kỳ chống mỹ cứu nước không có thân nhân phải trực tiếp nuôi dưỡng và quân nhân, cán bộ được đảng cử ở lại miền nam hoạt động sau hiệp định Giơnevơ năm 1954 đối với cán bộ dân, chính, đảng",Người có công,Bộ Nội vụ,Cấp xã,,,,,,,
249,1.013744,"Giải quyết chế độ đối với quân nhân, cán bộ đi chiến trường B,C,K trong thời kỳ chống Mỹ cứu nước không có thân nhân phải trực tiếp nuôi dưỡng và quân nhân, cán bộ được đảng cử ở lại miền nam hoạt động sau hiệp định Giơnevơ năm 1954 đối với cán bộ dân, chính, đảng thuộc diện Trung ương quản lý",Người có công,Bộ Nội vụ,Cấp xã,,,,,,,
250,1.010815,Công nhận và giải quyết chế độ ưu đãi người hoạt động cách mạng.,Người có công,Bộ Nội vụ,Cấp xã,,,,,,,
251,1.010812,"Tiếp nhận người có công vào cơ sở nuôi dưỡng, điều dưỡng người có công do tỉnh quản lý",Người có công,Bộ Nội vụ,Cấp xã,,,,,,,
252,1.010810,"Công nhận đối với người bị thương trong chiến tranh không thuộc quân đội, công an",Người có công,Bộ Nội vụ,Cấp xã,,,,,,,
253,1.010805,"Giải quyết chế độ ưu đãi đối với Anh hùng lực lượng vũ trang nhân dân, Anh hùng lao động trong thời kỳ kháng chiến hiện không công tác trong quân đội, công an",Người có công,Bộ Nội vụ,Cấp xã,,,,,,,
254,1.010775,Cấp Bằng “Tổ quốc ghi công” đối với người hy sinh thuộc các trường hợp quy định tại Điều 14 Pháp lệnh nhưng chưa được cấp Bằng “Tổ quốc ghi công” mà thân nhân đã được giải quyết chế độ ưu đãi từ ngày 01 tháng 01 năm 1995 đến ngày 30 tháng 9 năm 2006,Người có công,Bộ Nội vụ,Cấp xã,,,,,,,
255,1.010774,Cấp Bằng “Tổ quốc ghi công” đối với người hy sinh nhưng chưa được cấp Bằng “Tổ quốc ghi công” mà thân nhân đã được giải quyết chế độ ưu đãi từ ngày 31 tháng 12 năm 1994 trở về trước,Người có công,Bộ Nội vụ,Cấp xã,,,,,,,
256,1.010788,Công nhận và giải quyết chế độ ưu đãi người hoạt động cách mạng,Người có công,Bộ Nội vụ,Cấp xã,,,,,,,
257,1.010783,"Tiếp nhận người có công vào cơ sở nuôi dưỡng, điều dưỡng người có công do Bộ Nội vụ quản lý",Người có công,Bộ Nội vụ,Cấp xã,,,,,,,
258,1.010777,Cấp đổi Bằng “Tổ quốc ghi công”,Người có công,Bộ Nội vụ,Cấp xã,,,,,,,
259,2.001396,Trợ cấp hàng tháng đối với thanh niên xung phong đã hoàn thành nhiệm vụ trong kháng chiến,Người có công,Bộ Nội vụ,Cấp xã,,,,,,,
260,1.012591,THỦ TỤC ĐĂNG KÝ BỔ SUNG HOẠT ĐỘNG TÍN NGƯỠNG (CẤP XÃ),"Tín ngưỡng, tôn giáo",Bộ Dân tộc và Tôn giáo,Cấp xã,,,,,,,
261,1.014201,Gia hạn giấy phép lao động đối với người lao động nước ngoài làm việc tại Việt Nam,Việc làm,Bộ Nội vụ,Cấp xã,,,,,,,
262,1.014200,Cấp lại giấy phép lao động đối với người lao động nước ngoài làm việc tại Việt Nam,Việc làm,Bộ Nội vụ,Cấp xã,,,,,,,
263,1.014198,Gia hạn giấy xác nhận không thuộc diện cấp giấy phép lao động đối với người lao động nước ngoài làm việc tại Việt Nam,Việc làm,Bộ Nội vụ,Cấp xã,,,,,,,
264,1.000893,"Thủ tục đăng ký khai sinh có yếu tố nước ngoài cho người đã có hồ sơ, giấy tờ cá nhân",Hộ tịch,Bộ Tư pháp,Cấp xã,,,,,,,
265,2.002307,Giải quyết chế độ mai táng phí đối với cựu chiến binh,Người có công,Bộ Nội vụ,Cấp xã,,,,,,,
266,1.012590,THỦ TỤC ĐĂNG KÝ SINH HOẠT TÔN GIÁO TẬP TRUNG (CẤP XÃ),"Tín ngưỡng, tôn giáo",Bộ Dân tộc và Tôn giáo,Cấp xã,,,,,,,
267,1.010778,Cấp lại Bằng “Tổ quốc ghi công”,Người có công,Bộ Nội vụ,Cấp xã,,,,,,,
268,3.000322,Đăng ký chấm dứt giám sát việc giám hộ,Hộ tịch,Bộ Tư pháp,Cấp xã,,,,,,,
269,2.002770,"Xét duyệt học sinh bán trú, học viên bán trú hỗ trợ kinh phí, hỗ trợ gạo",Giáo dục và đào tạo thuộc hệ thống giáo dục quốc dân,Bộ Giáo dục và Đào tạo,Cấp xã,,,,,,,
270,1.001622,Hỗ trợ ăn trưa đối với trẻ em mẫu giáo,Giáo dục và đào tạo thuộc hệ thống giáo dục quốc dân,Bộ Giáo dục và Đào tạo,Cấp xã,,,,,,,
271,1.013794,Thủ tục gia hạn giấy chứng nhận đủ điều kiện hoạt động điểm cung cấp dịch vụ trò chơi điện tử công cộng,"Phát thanh, truyền hình và thông tin điện tử","Bộ Văn hóa, Thể thao và Du lịch",Cấp xã,,,,,,,
272,1.013793,"Thủ tục sửa đổi, bổ sung giấy chứng nhận đủ điều kiện hoạt động điểm cung cấp dịch vụ trò chơi điện tử công cộng","Phát thanh, truyền hình và thông tin điện tử","Bộ Văn hóa, Thể thao và Du lịch",Cấp xã,,,,,,,
273,3.000323,Đăng ký giám sát việc giám hộ,Hộ tịch,Bộ Tư pháp,Cấp xã,,,,,,,
274,1.001699,"Xác định, xác định lại mức độ khuyết tật và cấp Giấy xác nhận khuyết tật",Bảo trợ xã hội,Bộ Y tế,Cấp xã,,,,,,,
275,1.004946,Áp dụng các biện pháp can thiệp khẩn cấp hoặc tạm thời cách ly trẻ em khỏi môi trường hoặc người gây tổn hại cho trẻ em,Trẻ em,Bộ Y tế,Cấp xã,,,,,,,
276,1.014027,"Thực hiện, điều chỉnh, thôi hưởng trợ cấp hưu trí xã hội",Bảo trợ xã hội,Bộ Y tế,Cấp xã,,,,,,,
277,1.004941,"Đăng ký nhận chăm sóc thay thế cho trẻ em đối với cá nhân, người đại diện gia đình nhận chăm sóc thay thế không phải là người thân thích của trẻ em",Trẻ em,Bộ Y tế,Cấp xã,,,,,,,
278,2.001944,"Thông báo nhận chăm sóc thay thế cho trẻ em đối với cá nhân, người đại diện gia đình nhận chăm sóc thay thế là người thân thích của trẻ em",Trẻ em,Bộ Y tế,Cấp xã,,,,,,,
279,2.001942,"Chuyển trẻ em đang được chăm sóc thay thế tại cơ sở trợ giúp xã hội đến cá nhân, gia đình nhận chăm sóc thay thế",Trẻ em,Bộ Y tế,Cấp xã,,,,,,,
280,1.001653,"Đổi, cấp lại Giấy xác nhận khuyết tật",Bảo trợ xã hội,Bộ Y tế,Cấp xã,,,,,,,
281,1.014197,Cấp lại giấy xác nhận không thuộc diện cấp giấy phép lao động đối với người lao động nước ngoài làm việc tại Việt Nam,Việc làm,Bộ Nội vụ,Cấp xã,,,,,,,
282,1.014319,"THỦ TỤC TUYỂN CHỌN KIẾN TRÚC SƯ TRƯỞNG CẤP BỘ, CẤP TỈNH, DỰ ÁN",Lao động,Bộ Nội vụ,Cấp xã,,,,,,,
283,2.001955,Đăng ký nội quy lao động của doanh nghiệp,"Lao động, tiền lương",Bộ Nội vụ,Cấp xã,,,,,,,
284,1.010772,Cấp Bằng “Tổ quốc ghi công”,Người có công,Bộ Nội vụ,Cấp xã,,,,,,,
285,1.010781,Cấp Bằng “Tổ quốc ghi công” đối với người hy sinh hoặc mất tích trong chiến tranh,Người có công,Bộ Nội vụ,Cấp xã,,,,,,,
286,2.002821,"Hỗ trợ đào tạo nghề cho người lao động ở khu vực nông thôn, người lao động là thanh niên",Việc làm,Bộ Nội vụ,Cấp xã,,,,,,,
287,2.002820,Hỗ trợ người lao động đi làm việc ở nước ngoài theo hợp đồng,Quản lý lao động ngoài nước,Bộ Nội vụ,Cấp xã,,,,,,,
288,2.000282,Tiếp nhận đối tượng cần bảo vệ khẩn cấp vào cơ sở trợ giúp xã hội,Bảo trợ xã hội,Bộ Y tế,Cấp xã,,,,,,,
289,2.000286,Tiếp nhận đối tượng bảo trợ xã hội có hoàn cảnh đặc biệt khó khăn vào cơ sở trợ giúp xã hội,Bảo trợ xã hội,Bộ Y tế,Cấp xã,,,,,,,
290,1.001776,"Thực hiện, điều chỉnh, thôi hưởng trợ cấp xã hội hàng tháng, hỗ trợ kinh phí chăm sóc, nuôi dưỡng hàng tháng",Bảo trợ xã hội,Bộ Y tế,Cấp xã,,,,,,,
291,1.001731,Hỗ trợ chi phí mai táng cho đối tượng bảo trợ xã hội,Bảo trợ xã hội,Bộ Y tế,Cấp xã,,,,,,,
292,2.000477,Dừng trợ giúp xã hội tại cơ sở trợ giúp xã hội,Bảo trợ xã hội,Bộ Y tế,Cấp xã,,,,,,,
293,1.014113,Xét tuyển công chức,"Công chức, viên chức",Bộ Nội vụ,Cấp xã,,,,,,,
294,1.014318,Thủ tục tuyển chọn tổng công trình sư dự án,Lao động,Bộ Nội vụ,Cấp xã,,,,,,,
295,1.014111,Thi tuyển công chức,"Công chức, viên chức",Bộ Nội vụ,Cấp xã,,,,,,,
296,3.000250,"Phê duyệt hoặc điều chỉnh phương án quản lý rừng bền vững của chủ rừng là hộ gia đình, cá nhân, cộng đồng dân cư hoặc hộ gia đình cá nhân liên kết thành nhóm hộ, tổ hợp tác trường hợp có tổ chức các hoạt động du lịch sinh thái",Lâm nghiệp và kiểm lâm,Bộ Nông nghiệp và Môi trường,Cấp xã,,,,,,,
297,1.013225,"Cấp giấy phép xây dựng mới đối với công trình cấp III, cấp IV (Công trình không theo tuyến/Theo tuyến trong đô thị/Tín ngưỡng, tôn giáo/Tượng đài, tranh hoành tráng/Theo giai đoạn cho công trình không theo tuyến/Theo giai đoạn cho công trình theo tuyến trong đô thị/Dự án) và nhà ở riêng lẻ",Hoạt động xây dựng,Bộ Xây dựng,Cấp xã,,,,,,,
298,1.014849,"Cấp giấy phép cho các hoạt động trong phạm vi bảo vệ công trình thủy lợi: Xây dựng công trình mới; Lập bến, bãi tập kết nguyên liệu, nhiên liệu, vật tư, phương tiện; Xây dựng công trình ngầm do Chủ tịch UBND cấp tỉnh phân cấp cho Chủ tịch UBND cấp xã",Thủy lợi,Bộ Nông nghiệp và Môi trường,Cấp xã,,,,,,,
299,2.000635,"Cấp bản sao Trích lục hộ tịch, bản sao Giấy khai sinh",Hộ tịch,Bộ Tư pháp,Cấp xã,,,,,,,
300,1.004845,Thủ tục đăng ký chấm dứt giám hộ,Hộ tịch,Bộ Tư pháp,Cấp xã,,,,,,,
301,1.001193,Thủ tục đăng ký khai sinh,Hộ tịch,Bộ Tư pháp,Cấp xã,,,,,,,
302,2.000908,Thủ tục cấp bản sao từ sổ gốc,Chứng thực,Bộ Tư pháp,Cấp xã,,,,,,,
303,1.013967,Giải quyết tranh chấp đất đai thuộc thẩm quyền của Chủ tịch Ủy ban nhân dân cấp xã,Đất đai,Bộ Nông nghiệp và Môi trường,Cấp xã,,,,,,,
304,1.014310,"Thủ tục hưởng trợ cấp sinh hoạt hàng tháng đối với Nghệ nhân nhân dân, Nghệ nhân ưu tú",Di sản văn hóa,"Bộ Văn hóa, Thể thao và Du lịch",Cấp xã,,,,,,,
305,1.013791,Thủ tục tiếp nhận hồ sơ đăng ký lễ hội quy mô cấp xã,Văn hóa,"Bộ Văn hóa, Thể thao và Du lịch",Cấp xã,,,,,,,
306,1.013792,Thủ tục cấp giấy chứng nhận đủ điều kiện hoạt động điểm cung cấp dịch vụ trò chơi điện tử công cộng,"Phát thanh, truyền hình và thông tin điện tử","Bộ Văn hóa, Thể thao và Du lịch",Cấp xã,,,,,,,
307,1.012085,Hủy bỏ Quyết định cấm tiếp xúc theo đơn đề nghị,Gia đình,"Bộ Văn hóa, Thể thao và Du lịch",Cấp xã,,,,,,,
308,1.003622,Thủ tục thông báo tổ chức lễ hội cấp xã,Văn hóa,"Bộ Văn hóa, Thể thao và Du lịch",Cấp xã,,,,,,,
309,2.000794,Thủ tục công nhận câu lạc bộ thể dục thể thao cơ sở,Thể dục thể thao,"Bộ Văn hóa, Thể thao và Du lịch",Cấp xã,,,,,,,
310,1.014312,"Thủ tục thôi hưởng trợ cấp sinh hoạt hàng tháng, bảo hiểm y tế đối với Nghệ nhân nhân dân, Nghệ nhân ưu tú",Di sản văn hóa,"Bộ Văn hóa, Thể thao và Du lịch",Cấp xã,,,,,,,
311,1.012084,"Thủ tục cấm tiếp xúc theo Quyết định của Chủ tịch Ủy ban nhân dân cấp xã theo đề nghị của cơ quan, tổ chức cá nhân",Gia đình,"Bộ Văn hóa, Thể thao và Du lịch",Cấp xã,,,,,,,
312,2.002303,Lập danh sách đối tượng tham gia bảo hiểm y tế do Bộ Lao động – Thương binh và Xã hội quản lý,Bảo hiểm xã hội,Bộ Nội vụ,Cấp xã,,,,,,,
313,1.001612,Đăng ký thành lập hộ kinh doanh,Thành lập và hoạt động doanh nghiệp (hộ kinh doanh),Bộ Tài chính,Cấp xã,,,,,,,
314,2.000720,Đăng ký thay đổi nội dung đăng ký hộ kinh doanh,Thành lập và hoạt động doanh nghiệp (hộ kinh doanh),Bộ Tài chính,Cấp xã,,,,,,,
315,1.001570,"Tạm ngừng kinh doanh, tiếp tục kinh doanh trước thời hạn đã thông báo của hộ kinh doanh",Thành lập và hoạt động doanh nghiệp (hộ kinh doanh),Bộ Tài chính,Cấp xã,,,,,,,
316,2.002867,"Hỗ trợ chi phí khám bệnh, chữa bệnh cho trẻ em theo Nghị quyết số 90/2025/NQ-HĐND","Dân số, bà mẹ - trẻ em",UBND tỉnh Quảng Ninh,Cấp xã,,,,,,,
317,1.001266,Chấm dứt hoạt động hộ kinh doanh,Thành lập và hoạt động doanh nghiệp (hộ kinh doanh),Bộ Tài chính,Cấp xã,,,,,,,
318,2.000575,"Cấp lại Giấy chứng nhận đăng ký hộ kinh doanh, Cấp đổi sang Giấy chứng nhận đăng ký hộ kinh doanh",Thành lập và hoạt động doanh nghiệp (hộ kinh doanh),Bộ Tài chính,Cấp xã,,,,,,,
319,1.014035,Dừng thực hiện thủ tục đăng ký hộ kinh doanh,Thành lập và hoạt động doanh nghiệp (hộ kinh doanh),Bộ Tài chính,Cấp xã,,,,,,,
320,1.014034,"Đăng ký cập nhật, bổ sung thông tin trong hồ sơ đăng ký hộ kinh doanh, hiệu đính thông tin đăng ký hộ kinh doanh",Thành lập và hoạt động doanh nghiệp (hộ kinh doanh),Bộ Tài chính,Cấp xã,,,,,,,
321,2.002635,"Đề nghị thay đổi tên tổ hợp tác, hợp tác xã, liên hiệp hợp tác xã, chi nhánh, văn phòng đại diện, địa điểm kinh doanh của hợp tác xã, liên hiệp hợp tác xã do xâm phạm quyền sở hữu công nghiệp","Thành lập và hoạt động của tổ hợp tác, hợp tác xã, liên hiệp hợp tác xã",Bộ Tài chính,Cấp xã,,,,,,,
322,2.002636,"Đề nghị thu hồi Giấy chứng nhận đăng ký tổ hợp tác, Giấy chứng nhận đăng ký hợp tác xã, Giấy chứng nhận đăng ký chi nhánh, văn phòng đại diện đối với trường hợp nội dung kê khai trong hồ sơ đăng ký thành lập là giả mạo","Thành lập và hoạt động của tổ hợp tác, hợp tác xã, liên hiệp hợp tác xã",Bộ Tài chính,Cấp xã,,,,,,,
323,2.002637,"Đăng ký thành lập tổ hợp tác; đăng ký tổ hợp tác trong trường hợp đã được thành lập trước ngày Luật Hợp tác xã có hiệu lực thi hành, thuộc đối tượng phải đăng ký theo quy định tại khoản 2 Điều 107 Luật Hợp tác xã 2023","Thành lập và hoạt động của tổ hợp tác, hợp tác xã, liên hiệp hợp tác xã",Bộ Tài chính,Cấp xã,,,,,,,
324,2.002638,"Cấp lại Giấy chứng nhận đăng ký tổ hợp tác/ Giấy chứng nhận đăng ký hợp tác xã/ Giấy chứng nhận đăng ký hoạt động chi nhánh, văn phòng đại diện/ Giấy chứng nhận đăng ký địa điểm kinh doanh của hợp tác xã, liên hiệp hợp tác xã do bị mất, cháy, rách, nát hoặc bị tiêu hủy","Thành lập và hoạt động của tổ hợp tác, hợp tác xã, liên hiệp hợp tác xã",Bộ Tài chính,Cấp xã,,,,,,,
325,2.002639,Đăng ký thay đổi nội dung đăng ký tổ hợp tác,"Thành lập và hoạt động của tổ hợp tác, hợp tác xã, liên hiệp hợp tác xã",Bộ Tài chính,Cấp xã,,,,,,,
326,2.002641,"Thông báo tạm ngừng kinh doanh, tiếp tục kinh doanh trở lại đối với tổ hợp tác, hợp tác xã, liên hiệp hợp tác xã, chi nhánh, văn phòng đại diện, địa điểm kinh doanh","Thành lập và hoạt động của tổ hợp tác, hợp tác xã, liên hiệp hợp tác xã",Bộ Tài chính,Cấp xã,,,,,,,
327,2.002642,Chấm dứt hoạt động tổ hợp tác,"Thành lập và hoạt động của tổ hợp tác, hợp tác xã, liên hiệp hợp tác xã",Bộ Tài chính,Cấp xã,,,,,,,
328,2.002643,"Dừng thực hiện thủ tục đăng ký tổ hợp tác, hợp tác xã, liên hiệp hợp tác xã; Dừng thực hiện thủ tục giải thể hợp tác xã, liên hiệp hợp tác xã","Thành lập và hoạt động của tổ hợp tác, hợp tác xã, liên hiệp hợp tác xã",Bộ Tài chính,Cấp xã,,,,,,,
329,2.002648,"Hiệu đính, cập nhật, bổ sung thông tin đăng ký hợp tác xã, liên hiệp hợp tác xã, chi nhánh, văn phòng đại diện, địa điểm kinh doanh của hợp tác xã, liên hiệp hợp tác xã","Thành lập và hoạt động của tổ hợp tác, hợp tác xã, liên hiệp hợp tác xã",Bộ Tài chính,Cấp xã,,,,,,,
330,2.002649,"Thông báo bổ sung, cập nhật thông tin trong hồ sơ đăng ký hợp tác xã, liên hiệp hợp tác xã","Thành lập và hoạt động của tổ hợp tác, hợp tác xã, liên hiệp hợp tác xã",Bộ Tài chính,Cấp xã,,,,,,,
331,1.005280,"Đăng ký thành lập hợp tác xã, liên hiệp hợp tác xã; đăng ký chuyển đổi tổ hợp tác thành hợp tác xã; đăng ký khi hợp tác xã, liên hiệp hợp tác xã chia, tách, hợp nhất","Thành lập và hoạt động của tổ hợp tác, hợp tác xã, liên hiệp hợp tác xã",Bộ Tài chính,Cấp xã,,,,,,,
332,2.002123,"Đăng ký hoạt động chi nhánh, văn phòng đại diện, thông báo địa điểm kinh doanh; Thông báo lập chi nhánh, văn phòng đại diện ở nước ngoài của hợp tác xã, liên hiệp hợp tác xã","Thành lập và hoạt động của tổ hợp tác, hợp tác xã, liên hiệp hợp tác xã",Bộ Tài chính,Cấp xã,,,,,,,
333,1.005277,"Đăng ký thay đổi nội dung đăng ký hợp tác xã, liên hiệp hợp tác xã; Đăng ký thay đổi nội dung đối với trường hợp hợp tác xã, liên hiệp hợp tác xã bị tách, nhận sáp nhập","Thành lập và hoạt động của tổ hợp tác, hợp tác xã, liên hiệp hợp tác xã",Bộ Tài chính,Cấp xã,,,,,,,
334,1.004901,"Cấp đổi Giấy chứng nhận đăng ký hợp tác xã, liên hiệp hợp tác xã","Thành lập và hoạt động của tổ hợp tác, hợp tác xã, liên hiệp hợp tác xã",Bộ Tài chính,Cấp xã,,,,,,,
335,1.004979,"Thông báo thay đổi nội dung đăng ký hợp tác xã, liên hiệp hợp tác xã; Thông báo thay đổi nội dung đăng ký đối với hợp tác xã, liên hiệp hợp tác xã bị tách, nhận sáp nhập","Thành lập và hoạt động của tổ hợp tác, hợp tác xã, liên hiệp hợp tác xã",Bộ Tài chính,Cấp xã,,,,,,,
336,2.001958,"Thông báo về việc thành lập doanh nghiệp của hợp tác xã, liên hiệp hợp tác xã","Thành lập và hoạt động của tổ hợp tác, hợp tác xã, liên hiệp hợp tác xã",Bộ Tài chính,Cấp xã,,,,,,,
337,1.005378,"Đăng ký thay đổi nội dung đăng ký hoạt động của chi nhánh, văn phòng đại diện, địa điểm kinh doanh của hợp tác xã, liên hiệp hợp tác xã","Thành lập và hoạt động của tổ hợp tác, hợp tác xã, liên hiệp hợp tác xã",Bộ Tài chính,Cấp xã,,,,,,,
338,1.004982,"Đăng ký giải thể hợp tác xã, liên hiệp hợp tác xã","Thành lập và hoạt động của tổ hợp tác, hợp tác xã, liên hiệp hợp tác xã",Bộ Tài chính,Cấp xã,,,,,,,
339,1.005010,"Chấm dứt hoạt động chi nhánh, văn phòng đại diện, địa điểm kinh doanh của hợp tác xã, liên hiệp hợp tác xã","Thành lập và hoạt động của tổ hợp tác, hợp tác xã, liên hiệp hợp tác xã",Bộ Tài chính,Cấp xã,,,,,,,
340,1.115131,"Cấp phép thi công nút giao đấu nối với đường đô thị, đường xã, đường thôn đang khai thác",Quản lý kết cấu hạ tầng giao thông,UBND tỉnh Quảng Ninh,Cấp xã,,,,,,,
341,1.115130,"Chấp thuận thiết kế nút giao đấu nối với đường đô thị, đường xã, đường thôn đang khai thác",Quản lý kết cấu hạ tầng giao thông,UBND tỉnh Quảng Ninh,Cấp xã,,,,,,,
342,1.013965,"Sử dụng đất kết hợp đa mục đích, gia hạn phương án sử dụng đất kết hợp đa mục đích.",Đất đai,Bộ Nông nghiệp và Môi trường,Cấp xã,,,,,,,
343,2.001255,Đăng ký lại việc nuôi con nuôi trong nước,Nuôi con nuôi,Bộ Tư pháp,Cấp xã,,,,,,,
344,1.013128,"Thủ tục thẩm định và phê duyệt kế hoạch ứng phó sự cố tràn dầu của các cửa hàng bán lẻ xăng dầu trên đất liền, trên sông, trên biển và các cơ sở, dự án trên địa bàn xã không thuộc đối tượng kinh doanh, vận chuyển xăng dầu có nguy cơ xảy ra sự cố tràn dầu mức độ nhỏ (dung tích chứa dưới 50 m3)",Ứng phó sự cố tràn dầu bqp,Bộ Quốc phòng,Cấp xã,,,,,,,
345,2.000884,"Chứng thực chữ ký trong các giấy tờ, văn bản (áp dụng cho cả trường hợp chứng thực điểm chỉ và trường hợp người yêu cầu chứng thực không thể ký, không thể điểm chỉ được)",Chứng thực,Bộ Tư pháp,Cấp xã,,,,,,,
346,1.011441,"Đăng ký biện pháp bảo đảm bằng quyền sử dụng đất, tài sản gắn liền với đất",Đăng ký biện pháp bảo đảm,Bộ Tư pháp,Cấp xã,,,,,,,
347,2.000992,"Chứng thực chữ ký người dịch mà người dịch là cộng tác viên dịch thuật của Ủy ban nhân dân cấp xã, tổ chức hành nghề công chứng",Chứng thực,Bộ Tư pháp,Cấp xã,,,,,,,
348,1.115148,"Thủ tục tính hoặc tính lại tiền sử dụng đất theo quy định tại các điểm a, b, c và d khoản 2 Điều 12 Nghị định số 50/2026/NĐ-CP ngày 31/01/2026 của Chính phủ",Tài chính đất đai,Bộ Tài chính,Cấp xã,,,,,,,
349,2.000942,Cấp bản sao có chứng thực từ bản chính giao dịch đã được chứng thực,Chứng thực,Bộ Tư pháp,Cấp xã,,,,,,,
350,1.115116,Đề nghị sử dụng kinh phí từ Quỹ Bảo trợ trẻ em cho người chưa thành niên là bị hại,Trẻ em,Bộ Y tế,Cấp xã,,,,,,,
351,1.013314,"Xác nhận về điều kiện diện tích bình quân nhà ở để đăng ký thường trú vào chỗ ở do thuê, mượn, ở nhờ; nhà ở, đất ở không có tranh chấp quyền sở hữu nhà ở, quyền sử dụng đất ở, không thuộc địa điểm không được đăng ký thường trú mới","Đăng ký, quản lý cư trú",Bộ Công an,Cấp xã,,,,,,,
352,1.014196,Cấp giấy xác nhận không thuộc diện cấp giấy phép lao động đối với người lao động nước ngoài làm việc tại Việt Nam,Việc làm,Bộ Nội vụ,Cấp xã,,,,,,,
353,1.014199,Cấp giấy phép lao động đối với người lao động nước ngoài làm việc tại Việt Nam,Việc làm,Bộ Nội vụ,Cấp xã,,,,,,,
354,2.002893,"Giải thể nhà trẻ, trường mẫu giáo, trường mầm non",Giáo dục mầm non,Bộ Giáo dục và Đào tạo,Cấp xã,,,,,,,
355,2.002891,"Thành lập hoặc cho phép thành lập nhà trẻ, trường mẫu giáo, trường mầm non",Giáo dục mầm non,Bộ Giáo dục và Đào tạo,Cấp xã,,,,,,,
356,1.014736,"Lựa chọn, phê duyệt dự án phát triển sản xuất liên kết theo chuỗi giá trị",Quản lý chương trình mục tiêu quốc gia,Bộ Tài chính,Cấp xã,,,,,,,
357,3.000569,Thủ tục xác nhận đăng ký hoạt động in (cấp xã),"Xuất bản, in và phát hành","Bộ Văn hóa, Thể thao và Du lịch",Cấp xã,,,,,,,
358,2.002894,"Cho phép nhà trẻ, trường mẫu giáo, trường mầm non, nhà trẻ hoạt động giáo dục",Giáo dục mầm non,Bộ Giáo dục và Đào tạo,Cấp xã,,,,,,,
359,2.002892,"Sáp nhập, chia, tách nhà trẻ, trường mẫu giáo, trường mầm non",Giáo dục mầm non,Bộ Giáo dục và Đào tạo,Cấp xã,,,,,,,
360,3.000576,Khai báo hoạt động phát hành xuất bản phẩm,"Xuất bản, in và phát hành","Bộ Văn hóa, Thể thao và Du lịch",Cấp xã,,,,,,,
361,1.013133,Thủ tục đăng ký nghĩa vụ quân sự lần đầu,Nghĩa vụ quân sự,Bộ Quốc phòng,Cấp xã,,,,,,,
362,1.115377,"Thông báo phát triển nguồn điện mặt trời mái nhà tự sản xuất, tự tiêu thụ đấu nối với hệ thống điện quốc gia tại cấp điện áp hạ áp",Điện lực,Bộ Công thương,Cấp xã,,,,,,,
363,1.013040,"Thủ tục khai, nộp phí bảo vệ môi trường đối với khí thải","Quản lý thuế, phí, lệ phí và thu khác của ngân sách nhà nước",Bộ Tài chính,Cấp xã,,,,,,,
364,1.115813,"Quảng Ninh - Giao đất ở có thu tiền sử dụng đất không thông qua đấu giá, không đấu thầu lựa chọn nhà đầu tư thực hiện dự án có sử dụng đất đối với cá nhân là cán bộ, công chức, viên chức, sĩ quan tại ngũ, quân nhân chuyên nghiệp, công chức quốc phòng, công nhân và viên chức quốc phòng, sĩ quan, hạ sĩ quan, công nhân công an, người làm công tác cơ yếu và người làm công tác khác trong tổ chức cơ yếu hưởng lương từ ngân sách nhà nước mà chưa được giao đất ở, nhà ở; giáo viên, nhân viên y tế đang công tác tại các xã biên giới, hải đảo thuộc vùng có điều kiện kinh tế - xã hội khó khăn, vùng có điều kiện kinh tế - xã hội đặc biệt khó khăn nhưng chưa có đất ở, nhà ở tại nơi công tác hoặc chưa được hưởng chính sách hỗ trợ về nhà ở theo quy định của pháp luật về nhà ở; cá nhân thường trú tại xã mà không có đất ở và chưa được Nhà nước giao đất ở hoặc chưa được hưởng chính sách hỗ trợ về nhà ở theo quy định của pháp luật về nhà ở",Đất đai,UBND tỉnh Quảng Ninh,Cấp xã,,,,,,,
365,1.115814,Quảng Ninh - Gia hạn sử dụng đất khi hết thời hạn sử dụng đất đối với trường hợp sử dụng đất không thuộc diện chấp thuận chủ trương đầu tư theo pháp luật về đầu tư (Cấp xã),Đất đai,UBND tỉnh Quảng Ninh,Cấp xã,,,,,,,
366,1.115816,"Quảng Ninh - Góp quyền sử dụng đất, điều chỉnh lại đất đai để thực hiện dự án đầu tư",Đất đai,UBND tỉnh Quảng Ninh,Cấp xã,,,,,,,
367,1.115859,"Quảng Ninh - Giao đất, cho thuê đất đối với trường hợp giao đất, cho thuê đất không đấu giá quyền sử dụng đất, không đấu thầu lựa chọn nhà đầu tư thực hiện dự án có sử dụng đất và trường hợp giao đất, cho thuê đất thông qua đấu thầu lựa chọn nhà đầu tư thực hiện dự án có sử dụng đất; giao đất và giao rừng; cho thuê đất và cho thuê rừng; giao đất, cho thuê đất đồng thời giao khu vực biển để thực hiện hoạt động lấn biển (Cấp xã)",Đất đai,UBND tỉnh Quảng Ninh,Cấp xã,,,,,,,
368,1.115815,"Quảng Ninh - Sử dụng đất kết hợp đa mục đích, gia hạn phương án sử dụng đất kết hợp đa mục đích (Cấp xã)",Đất đai,UBND tỉnh Quảng Ninh,Cấp xã,,,,,,,
369,1.115824,Quảng Ninh - Tặng cho quyền sử dụng đất cho Nhà nước hoặc cộng đồng dân cư hoặc mở rộng đường giao thông,Đất đai,UBND tỉnh Quảng Ninh,Cấp xã,,,,,,,
370,1.115825,"Quảng Ninh - Đăng ký, cấp Giấy chứng nhận quyền sử dụng đất, quyền sở hữu tài sản gắn liền với đất đối với trường hợp đã chuyển quyền sử dụng đất nhưng chưa thực hiện thủ tục chuyển quyền theo quy định",Đất đai,UBND tỉnh Quảng Ninh,Cấp xã,,,,,,,
371,1.115842,Quảng Ninh - Cấp Giấy chứng nhận đối với trường hợp quy định tại khoản 4 Điều 24 Nghị định số 101/2024/NĐ-CP,Đất đai,UBND tỉnh Quảng Ninh,Cấp xã,,,,,,,
372,1.115822,Quảng Ninh - Xác định lại diện tích đất ở theo quy định tại khoản 6 Điều 141 Luật Đất đai,Đất đai,UBND tỉnh Quảng Ninh,Cấp xã,,,,,,,
373,1.115843,Quảng Ninh - Xác định diện tích đất ở đối với trường hợp quy định tại điểm d khoản 2 Điều 20 Nghị định số 49/2026/NĐ-CP,Đất đai,UBND tỉnh Quảng Ninh,Cấp xã,,,,,,,
374,1.115827,"Quảng Ninh - Đăng ký, cấp Giấy chứng nhận đối với trường hợp cá nhân, hộ gia đình đã được cấp Giấy chứng nhận một phần diện tích vào loại đất ở trước ngày 01 tháng 7 năm 2004, phần diện tích còn lại của thửa đất chưa được cấp Giấy chứng nhận (Trường hợp người sử dụng đất có nhu cầu xác định lại diện tích đất ở theo quy định tại khoản 6 Điều 141 Luật Đất đai)",Đất đai,UBND tỉnh Quảng Ninh,Cấp xã,,,,,,,
375,1.115841,"Quảng Ninh - Đăng ký, cấp Giấy chứng nhận quyền sử dụng đất, quyền sở hữu tài sản gắn liền với đất đối với toàn bộ diện tích đất đang sử dụng quy định tại khoản 2 Điều 24 Nghị định số 101/2024/NĐ-CP (trường hợp diện tích tăng thêm chưa cấp Giấy chứng nhận)",Đất đai,UBND tỉnh Quảng Ninh,Cấp xã,,,,,,,
376,1.115831,"Quảng Ninh - Thu hồi Giấy chứng nhận đã cấp lần đầu không đúng quy định của pháp luật đất đai do người sử dụng đất, chủ sở hữu tài sản gắn liền với đất phát hiện và cấp lại Giấy chứng nhận sau khi thu hồi",Đất đai,UBND tỉnh Quảng Ninh,Cấp xã,,,,,,,
377,1.115829,Quảng Ninh - Đính chính Giấy chứng nhận đã cấp (Cấp xã),Đất đai,UBND tỉnh Quảng Ninh,Cấp xã,,,,,,,
378,1.115812,"Quảng Ninh - Điều chỉnh quyết định giao đất, cho thuê đất, cho phép chuyển mục đích sử dụng đất (Cấp xã)",Đất đai,UBND tỉnh Quảng Ninh,Cấp xã,,,,,,,
379,1.115844,"Quảng Ninh - Cấp Giấy chứng nhận quyền sử dụng đất, quyền sở hữu tài sản gắn liền với đất đối với trường hợp người sử dụng đất đã thực hiện chuyển đổi quyền sử dụng đất nông nghiệp theo phương án “dồn điền đổi thửa” được cơ quan có thẩm quyền phê duyệt trước ngày 01 tháng 8 năm 2024",Đất đai,UBND tỉnh Quảng Ninh,Cấp xã,,,,,,,
380,1.115860,Quảng Ninh - Chuyển mục đích sử dụng đất; chuyển hình thức sử dụng đất; gia hạn sử dụng đất khi hết thời hạn sử dụng đất; điều chỉnh thời hạn sử dụng đất của dự án đầu tư (Cấp xã),Đất đai,UBND tỉnh Quảng Ninh,Cấp xã,,,,,,,
381,1.115820,"Quảng Ninh - Đăng ký đất đai, tài sản gắn liền với đất, cấp Giấy chứng nhận quyền sử dụng đất, quyền sở hữu tài sản gắn liền với đất lần đầu đối với hộ gia đình, cá nhân, cộng đồng dân cư, người gốc Việt Nam định cư ở nước ngoài",Đất đai,UBND tỉnh Quảng Ninh,Cấp xã,,,,,,,
382,1.115817,"Quảng Ninh - Đăng ký đất đai, tài sản gắn liền với đất, cấp Giấy chứng nhận quyền sử dụng đất, quyền sở hữu tài sản gắn liền với đất lần đầu đối với tổ chức đang sử dụng đất (Cấp xã)",Đất đai,UBND tỉnh Quảng Ninh,Cấp xã,,,,,,,
383,1.115986,"Hỗ trợ kinh phí lập dự án, chi phí vận chuyển, lắp đặt máy móc, dây chuyên thiết bị vào cụm công nghiệp theo Nghị định số 32/2024/NĐ-CP của Chính phủ và chính sách hỗ trợ tại Nghị quyết số 05/2026/NQHĐND của HĐND tỉnh",Cụm công nghiệp,UBND tỉnh Quảng Ninh,Cấp xã,,,,,,,
384,1.014776,"Cấp, cấp lại mã số vùng trồng, mã số cơ sở đóng gói",Trồng trọt và bảo vệ thực vật,Bộ Nông nghiệp và Môi trường,Cấp xã,,,,,,,
385,1.115950,"Công bố mở bến thủy nội địa, bến khách ngang sông, kết cấu hạ tầng đường thủy nội địa phục vụ thi công công trình, dự án và bến dân sinh",Hàng hải và đường thủy nội địa,Bộ Xây dựng,Cấp xã,,,,,,,
386,1.115949,"Công bố đóng cảng, bến thủy nội địa, khu neo đậu",Hàng hải và đường thủy nội địa,Bộ Xây dựng,Cấp xã,,,,,,,
387,3.000611,"Đánh giá, phân hạng sản phẩm OCOP",Kinh tế hợp tác và phát triển nông thôn,Bộ Nông nghiệp và Môi trường,Cấp xã,,,,,,,
